timestamp,open,high,low,close,volume
2026-07-13T16:00:00,62618.00000000,62629.35000000,62275.77000000,62347.93000000,622.89711000
2026-07-13T16:30:00,62347.92000000,62420.00000000,62212.00000000,62276.00000000,347.79397000
2026-07-13T17:00:00,62276.01000000,62370.00000000,62176.46000000,62182.00000000,330.43548000
2026-07-13T17:30:00,62182.00000000,62224.00000000,61900.00000000,61904.99000000,831.34504000
2026-07-13T18:00:00,61904.99000000,62056.35000000,61824.97000000,61948.00000000,440.67701000
2026-07-13T18:30:00,61948.00000000,62100.00000000,61904.02000000,62020.00000000,221.83794000
2026-07-13T19:00:00,62020.00000000,62110.00000000,61990.00000000,62014.00000000,231.33136000
2026-07-13T19:30:00,62014.00000000,62292.84000000,62013.99000000,62288.23000000,272.10126000
2026-07-13T20:00:00,62288.23000000,62324.74000000,62084.00000000,62217.67000000,154.08820000
2026-07-13T20:30:00,62217.66000000,62266.00000000,62050.71000000,62210.99000000,140.34206000
2026-07-13T21:00:00,62211.00000000,62216.35000000,61992.00000000,62025.99000000,183.66161000
2026-07-13T21:30:00,62025.99000000,62123.34000000,61897.45000000,62065.06000000,201.52161000
2026-07-13T22:00:00,62065.05000000,62224.00000000,62052.02000000,62156.00000000,175.25650000
2026-07-13T22:30:00,62156.00000000,62180.01000000,61911.31000000,61924.00000000,211.19606000
2026-07-13T23:00:00,61924.00000000,62240.00000000,61882.88000000,62164.77000000,144.35151000
2026-07-13T23:30:00,62164.77000000,62347.46000000,62101.61000000,62334.52000000,211.60464000
2026-07-14T00:00:00,62334.52000000,62484.00000000,62272.20000000,62372.76000000,437.96722000
2026-07-14T00:30:00,62372.76000000,62666.66000000,62289.90000000,62549.54000000,390.01514000
2026-07-14T01:00:00,62549.55000000,62640.00000000,62460.03000000,62525.74000000,243.47116000
2026-07-14T01:30:00,62525.75000000,62568.00000000,62468.78000000,62540.42000000,227.84931000
2026-07-14T02:00:00,62540.41000000,62616.00000000,62329.98000000,62384.00000000,328.33428000
2026-07-14T02:30:00,62384.00000000,62645.00000000,62384.00000000,62544.00000000,181.76899000
2026-07-14T03:00:00,62544.00000000,62604.00000000,62314.00000000,62469.47000000,336.98252000
2026-07-14T03:30:00,62469.48000000,62572.89000000,62438.47000000,62572.89000000,102.91363000
2026-07-14T04:00:00,62572.88000000,62657.75000000,62539.71000000,62645.04000000,113.16928000
2026-07-14T04:30:00,62645.04000000,62768.95000000,62645.03000000,62745.23000000,201.54851000
2026-07-14T05:00:00,62745.24000000,62872.00000000,62706.00000000,62842.01000000,311.77010000
2026-07-14T05:30:00,62842.01000000,62871.67000000,62697.69000000,62737.00000000,313.65460000
2026-07-14T06:00:00,62737.00000000,62737.01000000,62647.99000000,62688.81000000,571.19977000
2026-07-14T06:30:00,62688.82000000,62772.48000000,62566.01000000,62624.05000000,170.83198000
2026-07-14T07:00:00,62624.06000000,62655.99000000,62556.01000000,62636.71000000,155.88814000
2026-07-14T07:30:00,62636.72000000,62652.00000000,62516.93000000,62560.92000000,250.27409000
2026-07-14T08:00:00,62560.92000000,62672.20000000,62500.00000000,62664.01000000,165.52975000
2026-07-14T08:30:00,62664.00000000,62807.94000000,62631.75000000,62713.85000000,212.33284000
2026-07-14T09:00:00,62713.85000000,62742.00000000,62652.64000000,62674.27000000,217.99011000
2026-07-14T09:30:00,62674.27000000,62678.23000000,62534.29000000,62629.55000000,396.56310000
2026-07-14T10:00:00,62629.56000000,62734.33000000,62625.06000000,62668.32000000,187.54628000
2026-07-14T10:30:00,62668.32000000,62908.80000000,62609.47000000,62800.00000000,249.67456000
2026-07-14T11:00:00,62800.01000000,62876.63000000,62713.60000000,62865.76000000,145.50777000
2026-07-14T11:30:00,62865.76000000,62923.06000000,62815.27000000,62844.99000000,157.39231000
2026-07-14T12:00:00,62844.99000000,63108.00000000,62780.84000000,62957.97000000,556.38156000
2026-07-14T12:30:00,62957.96000000,63989.54000000,62949.69000000,63960.00000000,2553.40710000
2026-07-14T13:00:00,63959.99000000,64181.99000000,63757.70000000,63958.68000000,890.61098000
2026-07-14T13:30:00,63958.68000000,63980.15000000,63699.03000000,63840.01000000,632.10315000
2026-07-14T14:00:00,63840.01000000,63928.89000000,63580.99000000,63915.06000000,543.33565000
2026-07-14T14:30:00,63915.07000000,64346.49000000,63858.26000000,64305.02000000,546.51748000
2026-07-14T15:00:00,64305.01000000,64554.05000000,64194.64000000,64499.08000000,854.64905000
2026-07-14T15:30:00,64499.08000000,64966.43000000,64495.70000000,64743.99000000,2219.61613000
2026-07-14T16:00:00,64744.00000000,64896.86000000,64606.00000000,64822.87000000,860.96489000
2026-07-14T16:30:00,64822.86000000,64893.92000000,64714.28000000,64730.00000000,403.11477000
2026-07-14T17:00:00,64730.01000000,64730.01000000,64231.77000000,64522.65000000,885.45590000
2026-07-14T17:30:00,64522.65000000,64700.00000000,64430.00000000,64621.43000000,270.55343000
2026-07-14T18:00:00,64621.43000000,64626.00000000,64479.34000000,64518.14000000,251.42463000
2026-07-14T18:30:00,64518.15000000,64648.88000000,64477.23000000,64571.98000000,250.82508000
2026-07-14T19:00:00,64571.99000000,64704.00000000,64533.08000000,64562.01000000,177.17640000
2026-07-14T19:30:00,64562.00000000,64661.89000000,64487.38000000,64569.59000000,190.78539000
2026-07-14T20:00:00,64569.59000000,64590.00000000,64445.44000000,64448.01000000,168.72527000
2026-07-14T20:30:00,64448.00000000,64599.00000000,64419.99000000,64572.02000000,112.52547000
2026-07-14T21:00:00,64572.02000000,64679.03000000,64526.00000000,64662.01000000,117.61365000
2026-07-14T21:30:00,64662.00000000,64893.92000000,64632.00000000,64676.90000000,309.88362000
2026-07-14T22:00:00,64676.89000000,65100.00000000,64516.00000000,64930.00000000,916.21204000
2026-07-14T22:30:00,64930.00000000,65030.00000000,64860.88000000,64860.89000000,351.85118000
2026-07-14T23:00:00,64860.89000000,65048.00000000,64782.00000000,64917.69000000,248.81808000
2026-07-14T23:30:00,64917.69000000,65044.12000000,64905.09000000,65043.98000000,169.68750000
2026-07-15T00:00:00,65043.99000000,65065.01000000,64835.62000000,64890.01000000,234.71998000
2026-07-15T00:30:00,64890.01000000,64890.01000000,64765.12000000,64824.58000000,117.73345000
2026-07-15T01:00:00,64824.57000000,64853.08000000,64697.97000000,64830.61000000,225.38123000
2026-07-15T01:30:00,64830.61000000,64844.00000000,64644.48000000,64674.35000000,384.81908000
2026-07-15T02:00:00,64674.35000000,64755.99000000,64517.56000000,64517.58000000,156.02878000
2026-07-15T02:30:00,64517.58000000,64563.59000000,64488.00000000,64490.87000000,194.96307000
2026-07-15T03:00:00,64490.87000000,64664.00000000,64490.86000000,64615.18000000,183.77751000
2026-07-15T03:30:00,64615.18000000,64840.00000000,64608.00000000,64792.01000000,196.01693000
2026-07-15T04:00:00,64792.00000000,64885.99000000,64762.00000000,64762.00000000,136.40709000
2026-07-15T04:30:00,64762.01000000,64867.85000000,64714.00000000,64746.01000000,152.84037000
2026-07-15T05:00:00,64746.01000000,64815.99000000,64602.50000000,64649.99000000,323.85967000
2026-07-15T05:30:00,64649.99000000,64964.96000000,64644.85000000,64944.06000000,362.64973000
2026-07-15T06:00:00,64944.06000000,65061.77000000,64878.00000000,64985.13000000,318.03702000
2026-07-15T06:30:00,64985.13000000,65277.37000000,64814.00000000,64814.00000000,656.02441000
2026-07-15T07:00:00,64814.01000000,64876.00000000,64485.00000000,64529.73000000,529.35572000
2026-07-15T07:30:00,64529.74000000,64640.00000000,64512.00000000,64549.34000000,680.39144000
2026-07-15T08:00:00,64549.33000000,64680.47000000,64549.33000000,64647.14000000,310.10200000
2026-07-15T08:30:00,64647.14000000,64797.02000000,64614.00000000,64768.01000000,648.36853000
2026-07-15T09:00:00,64768.00000000,64917.94000000,64760.00000000,64833.11000000,380.06223000
2026-07-15T09:30:00,64833.11000000,64833.12000000,64653.18000000,64671.83000000,162.41618000
2026-07-15T10:00:00,64671.84000000,64855.56000000,64618.02000000,64636.18000000,190.19362000
2026-07-15T10:30:00,64636.17000000,64692.65000000,64614.00000000,64663.00000000,126.10847000
2026-07-15T11:00:00,64663.00000000,64767.37000000,64616.11000000,64641.18000000,268.29638000
2026-07-15T11:30:00,64641.18000000,64755.28000000,64641.17000000,64732.15000000,231.84225000
2026-07-15T12:00:00,64732.15000000,64768.17000000,64606.00000000,64688.52000000,336.83217000
2026-07-15T12:30:00,64688.51000000,65249.90000000,64682.74000000,65164.00000000,1500.56926000
2026-07-15T13:00:00,65164.00000000,65577.00000000,65156.00000000,65312.72000000,1111.73394000
2026-07-15T13:30:00,65312.72000000,65518.00000000,64888.00000000,65117.99000000,830.38963000
2026-07-15T14:00:00,65118.00000000,65422.89000000,65070.00000000,65326.00000000,675.49150000
2026-07-15T14:30:00,65326.01000000,65517.05000000,65298.06000000,65399.81000000,511.64119000
2026-07-15T15:00:00,65399.80000000,65491.68000000,65261.71000000,65405.71000000,370.33450000
2026-07-15T15:30:00,65405.70000000,65600.00000000,65338.00000000,65427.61000000,782.92361000
2026-07-15T16:00:00,65427.60000000,65470.00000000,65040.29000000,65166.22000000,689.61340000
2026-07-15T16:30:00,65166.22000000,65182.91000000,64784.83000000,65120.79000000,733.58325000
2026-07-15T17:00:00,65120.80000000,65160.00000000,64980.02000000,65045.69000000,468.06531000
2026-07-15T17:30:00,65045.70000000,65194.72000000,64972.95000000,65056.10000000,651.63181000
2026-07-15T18:00:00,65056.10000000,65143.57000000,64965.24000000,65058.06000000,830.57919000
2026-07-15T18:30:00,65058.07000000,65114.00000000,64847.42000000,64860.00000000,246.27612000
2026-07-15T19:00:00,64860.00000000,64950.26000000,64738.49000000,64858.00000000,182.63874000
2026-07-15T19:30:00,64858.01000000,65000.00000000,64846.00000000,64977.34000000,195.33047000
2026-07-15T20:00:00,64977.34000000,65022.00000000,64899.00000000,65009.92000000,119.20609000
2026-07-15T20:30:00,65009.91000000,65055.39000000,64968.00000000,64968.01000000,120.31364000
2026-07-15T21:00:00,64968.02000000,65018.74000000,64843.74000000,64870.88000000,145.72099000
2026-07-15T21:30:00,64870.87000000,64880.55000000,64789.89000000,64834.31000000,143.51545000
2026-07-15T22:00:00,64834.31000000,64896.66000000,64772.00000000,64896.66000000,151.40539000
2026-07-15T22:30:00,64896.66000000,64982.47000000,64859.99000000,64866.93000000,123.76032000
2026-07-15T23:00:00,64866.93000000,64938.00000000,64843.56000000,64843.57000000,97.33142000
2026-07-15T23:30:00,64843.57000000,64862.00000000,64691.89000000,64756.28000000,212.61488000
2026-07-16T00:00:00,64756.28000000,64845.50000000,64565.98000000,64565.98000000,476.54419000
2026-07-16T00:30:00,64565.99000000,64650.00000000,64500.00000000,64584.07000000,285.66205000
2026-07-16T01:00:00,64584.07000000,64658.00000000,64392.01000000,64559.25000000,276.81214000
2026-07-16T01:30:00,64559.26000000,64830.00000000,64559.25000000,64730.01000000,186.06444000
2026-07-16T02:00:00,64730.00000000,64735.09000000,64594.22000000,64669.99000000,120.16528000
2026-07-16T02:30:00,64670.00000000,64687.11000000,64574.02000000,64642.01000000,207.32571000
2026-07-16T03:00:00,64642.00000000,64718.43000000,64586.71000000,64686.00000000,125.99341000
2026-07-16T03:30:00,64686.00000000,64745.55000000,64555.00000000,64619.95000000,95.05547000
2026-07-16T04:00:00,64619.96000000,64666.23000000,64544.04000000,64650.00000000,251.68022000
2026-07-16T04:30:00,64650.00000000,64692.00000000,64581.16000000,64650.05000000,363.93696000
2026-07-16T05:00:00,64650.05000000,64950.88000000,64592.67000000,64931.99000000,352.03959000
2026-07-16T05:30:00,64931.99000000,64997.52000000,64860.00000000,64917.99000000,266.56571000
2026-07-16T06:00:00,64917.99000000,64978.00000000,64808.00000000,64823.48000000,206.28614000
2026-07-16T06:30:00,64823.47000000,64828.00000000,64630.01000000,64777.32000000,149.33944000
2026-07-16T07:00:00,64777.33000000,64777.33000000,64500.01000000,64500.01000000,267.05976000
2026-07-16T07:30:00,64500.01000000,64502.54000000,64086.12000000,64238.00000000,871.70369000
2026-07-16T08:00:00,64238.00000000,64271.90000000,63888.00000000,64160.51000000,1529.58572000
2026-07-16T08:30:00,64160.52000000,64380.00000000,64064.79000000,64126.85000000,2438.02078000
2026-07-16T09:00:00,64126.86000000,64186.83000000,64028.00000000,64032.87000000,1863.85740000
2026-07-16T09:30:00,64032.86000000,64130.00000000,64019.02000000,64090.00000000,1523.88149000
2026-07-16T10:00:00,64090.00000000,64229.25000000,64077.75000000,64224.57000000,170.26789000
2026-07-16T10:30:00,64224.56000000,64269.42000000,64171.68000000,64221.34000000,180.91386000
2026-07-16T11:00:00,64221.34000000,64259.91000000,64101.00000000,64185.02000000,194.18052000
2026-07-16T11:30:00,64185.02000000,64269.42000000,64101.01000000,64256.53000000,182.83789000
2026-07-16T12:00:00,64256.52000000,64256.52000000,64086.01000000,64184.23000000,334.82709000
2026-07-16T12:30:00,64184.24000000,64211.85000000,63838.28000000,63966.01000000,393.47978000
2026-07-16T13:00:00,63966.01000000,64249.99000000,63961.14000000,64249.99000000,265.10471000
2026-07-16T13:30:00,64249.99000000,64480.00000000,64111.09000000,64376.00000000,561.94526000
2026-07-16T14:00:00,64375.99000000,64863.07000000,64332.57000000,64766.02000000,660.08107000
2026-07-16T14:30:00,64766.01000000,64836.00000000,64375.21000000,64543.51000000,333.89535000
2026-07-16T15:00:00,64543.51000000,64896.00000000,64320.00000000,64824.97000000,369.79633000
2026-07-16T15:30:00,64824.97000000,64838.50000000,64624.00000000,64704.73000000,250.77730000
2026-07-16T16:00:00,64704.73000000,64712.00000000,64398.00000000,64546.00000000,299.19589000
2026-07-16T16:30:00,64546.00000000,64658.38000000,64333.33000000,64484.00000000,224.38357000
2026-07-16T17:00:00,64484.01000000,64484.01000000,64092.57000000,64218.38000000,324.25513000
2026-07-16T17:30:00,64218.37000000,64282.60000000,63984.09000000,64069.03000000,291.86705000
2026-07-16T18:00:00,64069.04000000,64330.00000000,64052.14000000,64220.88000000,136.18445000
2026-07-16T18:30:00,64220.87000000,64326.00000000,64097.03000000,64246.01000000,139.39877000
2026-07-16T19:00:00,64246.01000000,64301.99000000,64162.16000000,64261.52000000,190.13425000
2026-07-16T19:30:00,64261.52000000,64282.60000000,64152.00000000,64271.84000000,178.46544000
2026-07-16T20:00:00,64271.85000000,64276.00000000,64158.00000000,64182.01000000,83.77980000
2026-07-16T20:30:00,64182.00000000,64203.82000000,64108.00000000,64114.27000000,85.93925000
2026-07-16T21:00:00,64114.25000000,64205.92000000,64101.18000000,64168.33000000,74.03191000
2026-07-16T21:30:00,64168.33000000,64253.25000000,64140.66000000,64161.99000000,114.06589000
2026-07-16T22:00:00,64162.00000000,64240.12000000,64016.00000000,64019.99000000,176.57842000
2026-07-16T22:30:00,64020.00000000,64175.31000000,63950.01000000,63968.00000000,175.02810000
2026-07-16T23:00:00,63968.01000000,64010.58000000,63754.00000000,63812.85000000,336.47214000
2026-07-16T23:30:00,63812.84000000,63906.00000000,63748.74000000,63830.20000000,179.06009000
2026-07-17T00:00:00,63830.20000000,63912.00000000,63750.00000000,63800.00000000,180.45927000
2026-07-17T00:30:00,63800.00000000,63886.00000000,63612.62000000,63886.00000000,254.90957000
2026-07-17T01:00:00,63886.00000000,64067.69000000,63828.00000000,63970.61000000,254.25629000
2026-07-17T01:30:00,63970.61000000,63980.00000000,63476.00000000,63546.24000000,481.51868000
2026-07-17T02:00:00,63546.25000000,63657.99000000,63430.40000000,63542.00000000,345.35205000
2026-07-17T02:30:00,63542.00000000,63578.30000000,63380.28000000,63482.00000000,473.04260000
2026-07-17T03:00:00,63482.00000000,63720.00000000,63482.00000000,63678.93000000,274.44934000
2026-07-17T03:30:00,63678.94000000,63699.60000000,63532.00000000,63570.00000000,401.59841000
2026-07-17T04:00:00,63570.00000000,63570.00000000,63320.00000000,63383.50000000,281.34219000
2026-07-17T04:30:00,63383.51000000,63576.00000000,63333.59000000,63486.01000000,209.49290000
2026-07-17T05:00:00,63486.01000000,63486.01000000,63190.84000000,63206.68000000,329.62120000
2026-07-17T05:30:00,63206.68000000,63226.00000000,62804.30000000,62839.76000000,860.82638000
2026-07-17T06:00:00,62839.77000000,62998.52000000,62710.00000000,62931.23000000,918.90889000
2026-07-17T06:30:00,62931.23000000,62962.00000000,62853.91000000,62948.00000000,281.33999000
2026-07-17T07:00:00,62948.00000000,62948.00000000,62800.00000000,62935.03000000,345.45316000
2026-07-17T07:30:00,62935.02000000,62983.99000000,62823.07000000,62828.11000000,943.02180000
2026-07-17T08:00:00,62828.11000000,62896.15000000,62740.92000000,62804.00000000,444.60661000
2026-07-17T08:30:00,62804.01000000,62939.04000000,62666.00000000,62888.00000000,393.54909000
2026-07-17T09:00:00,62888.01000000,62980.00000000,62852.89000000,62953.39000000,361.55921000
2026-07-17T09:30:00,62953.38000000,63069.06000000,62930.00000000,62989.46000000,241.89901000
2026-07-17T10:00:00,62989.47000000,63138.78000000,62989.47000000,63098.01000000,259.81091000
2026-07-17T10:30:00,63098.00000000,63201.91000000,63082.00000000,63179.92000000,274.75571000
2026-07-17T11:00:00,63179.91000000,63212.89000000,63063.67000000,63136.24000000,328.86616000
2026-07-17T11:30:00,63136.24000000,63361.70000000,63106.00000000,63298.01000000,288.33358000
2026-07-17T12:00:00,63298.00000000,63348.00000000,63162.02000000,63193.58000000,260.32162000
2026-07-17T12:30:00,63193.58000000,63200.00000000,63069.09000000,63099.75000000,358.32664000
2026-07-17T13:00:00,63099.75000000,63105.04000000,62770.00000000,62853.99000000,582.75326000
2026-07-17T13:30:00,62854.00000000,63180.00000000,62537.56000000,63153.99000000,798.74701000
2026-07-17T14:00:00,63154.00000000,63518.00000000,63147.67000000,63242.68000000,613.78722000
2026-07-17T14:30:00,63242.69000000,63355.99000000,63051.77000000,63174.00000000,585.59440000
2026-07-17T15:00:00,63174.01000000,63268.53000000,62856.16000000,63268.52000000,414.85473000
2026-07-17T15:30:00,63268.52000000,63452.00000000,63115.07000000,63452.00000000,287.98586000
2026-07-17T16:00:00,63452.00000000,63562.01000000,63312.01000000,63480.00000000,542.47077000
2026-07-17T16:30:00,63480.00000000,63706.75000000,63376.00000000,63594.00000000,339.27976000
2026-07-17T17:00:00,63594.00000000,64153.52000000,63594.00000000,64024.00000000,704.07566000
2026-07-17T17:30:00,64024.00000000,64228.27000000,63980.00000000,64049.86000000,506.11323000
2026-07-17T18:00:00,64049.85000000,64113.40000000,63894.00000000,63961.20000000,290.85681000
2026-07-17T18:30:00,63961.20000000,64387.99000000,63952.00000000,64259.73000000,471.00654000
2026-07-17T19:00:00,64259.73000000,64259.73000000,63981.20000000,64088.00000000,310.08306000
2026-07-17T19:30:00,64087.99000000,64210.01000000,64070.00000000,64160.80000000,268.36940000
2026-07-17T20:00:00,64160.80000000,64160.80000000,63982.80000000,64034.99000000,285.93052000
2026-07-17T20:30:00,64034.99000000,64192.57000000,63958.19000000,64120.00000000,170.25253000
2026-07-17T21:00:00,64120.01000000,64216.61000000,64117.51000000,64142.59000000,142.14216000
2026-07-17T21:30:00,64142.59000000,64146.24000000,64064.00000000,64110.00000000,142.06929000
2026-07-17T22:00:00,64110.01000000,64147.00000000,63964.00000000,63966.57000000,121.94168000
2026-07-17T22:30:00,63966.57000000,63994.11000000,63903.63000000,63986.00000000,133.93838000
2026-07-17T23:00:00,63986.01000000,63986.01000000,63884.35000000,63965.49000000,93.15018000
2026-07-17T23:30:00,63965.50000000,64011.08000000,63930.00000000,63931.67000000,336.87018000
2026-07-18T00:00:00,63931.67000000,64012.39000000,63895.33000000,63993.60000000,157.98482000
2026-07-18T00:30:00,63993.61000000,63993.61000000,63895.56000000,63910.04000000,59.94441000
2026-07-18T01:00:00,63910.05000000,64000.00000000,63886.65000000,63999.99000000,127.23705000
2026-07-18T01:30:00,64000.00000000,64000.00000000,63917.21000000,63952.98000000,73.69453000
2026-07-18T02:00:00,63952.97000000,64009.49000000,63930.54000000,63999.39000000,87.35889000
2026-07-18T02:30:00,63999.39000000,64032.60000000,63950.00000000,63967.61000000,285.14091000
2026-07-18T03:00:00,63967.61000000,63992.00000000,63945.66000000,63952.01000000,183.25546000
2026-07-18T03:30:00,63952.01000000,64017.85000000,63928.15000000,64017.84000000,395.74043000
2026-07-18T04:00:00,64017.84000000,64017.85000000,63954.99000000,63986.00000000,247.83720000
2026-07-18T04:30:00,63985.99000000,63986.00000000,63947.09000000,63967.99000000,63.90674000
2026-07-18T05:00:00,63968.00000000,63977.89000000,63926.39000000,63967.95000000,77.64631000
2026-07-18T05:30:00,63967.96000000,63998.00000000,63942.65000000,63967.95000000,75.63830000
2026-07-18T06:00:00,63967.95000000,64005.99000000,63954.75000000,63988.44000000,118.17919000
2026-07-18T06:30:00,63988.44000000,63988.45000000,63950.00000000,63979.67000000,75.50614000
2026-07-18T07:00:00,63979.67000000,64026.03000000,63974.94000000,64026.03000000,124.10752000
2026-07-18T07:30:00,64026.03000000,64026.03000000,64002.75000000,64002.75000000,166.27868000
2026-07-18T08:00:00,64002.75000000,64018.00000000,63960.00000000,64013.05000000,192.43396000
2026-07-18T08:30:00,64013.04000000,64019.64000000,63983.72000000,64006.01000000,101.00132000
2026-07-18T09:00:00,64006.01000000,64006.01000000,63887.73000000,63941.84000000,244.19696000
2026-07-18T09:30:00,63941.84000000,63987.77000000,63941.84000000,63987.76000000,42.33811000
2026-07-18T10:00:00,63987.77000000,64022.55000000,63982.34000000,64011.40000000,127.17873000
2026-07-18T10:30:00,64011.40000000,64026.39000000,64004.00000000,64016.43000000,136.91597000
2026-07-18T11:00:00,64016.43000000,64030.09000000,64010.99000000,64015.00000000,98.69837000
2026-07-18T11:30:00,64014.99000000,64097.22000000,64014.99000000,64069.89000000,160.73666000
2026-07-18T12:00:00,64069.89000000,64225.35000000,64057.27000000,64100.00000000,392.68404000
2026-07-18T12:30:00,64100.00000000,64274.47000000,64071.89000000,64218.00000000,162.26061000
2026-07-18T13:00:00,64218.01000000,64218.01000000,63963.00000000,64054.18000000,238.37162000
2026-07-18T13:30:00,64054.17000000,64106.00000000,64028.31000000,64106.00000000,62.53465000
2026-07-18T14:00:00,64105.99000000,64172.00000000,64101.42000000,64171.91000000,72.37905000
2026-07-18T14:30:00,64171.90000000,64195.01000000,64115.91000000,64126.00000000,110.44786000
2026-07-18T15:00:00,64126.00000000,64135.58000000,64080.00000000,64080.01000000,100.87874000
2026-07-18T15:30:00,64080.00000000,64163.99000000,64037.45000000,64123.12000000,102.03157000
2026-07-18T16:00:00,64123.13000000,64157.63000000,64091.48000000,64151.71000000,113.50975000
2026-07-18T16:30:00,64151.71000000,64314.00000000,64124.85000000,64303.47000000,212.25608000
2026-07-18T17:00:00,64303.48000000,64449.83000000,64280.22000000,64299.88000000,285.09240000
2026-07-18T17:30:00,64299.88000000,64492.00000000,64294.90000000,64480.29000000,287.31014000
2026-07-18T18:00:00,64480.28000000,64669.50000000,64462.00000000,64576.15000000,380.59068000
2026-07-18T18:30:00,64576.16000000,64577.95000000,64475.57000000,64512.41000000,150.41686000
2026-07-18T19:00:00,64512.41000000,64597.90000000,64482.00000000,64482.01000000,175.71903000
2026-07-18T19:30:00,64482.00000000,64570.00000000,64482.00000000,64552.79000000,118.29592000
2026-07-18T20:00:00,64552.80000000,64739.64000000,64528.69000000,64648.06000000,370.34154000
2026-07-18T20:30:00,64648.06000000,64713.67000000,64562.02000000,64693.01000000,184.21572000
2026-07-18T21:00:00,64693.02000000,64846.83000000,64646.04000000,64725.02000000,216.00943000
2026-07-18T21:30:00,64725.02000000,64808.00000000,64614.36000000,64731.72000000,149.28090000
2026-07-18T22:00:00,64731.73000000,64865.00000000,64724.67000000,64738.01000000,178.04525000
2026-07-18T22:30:00,64738.02000000,64853.21000000,64712.29000000,64805.05000000,325.08366000
2026-07-18T23:00:00,64805.04000000,64838.89000000,64709.28000000,64828.61000000,133.15605000
2026-07-18T23:30:00,64828.60000000,64843.30000000,64799.20000000,64834.22000000,87.31191000
2026-07-19T00:00:00,64834.21000000,64906.40000000,64788.03000000,64790.63000000,307.50016000
2026-07-19T00:30:00,64790.64000000,64810.65000000,64769.47000000,64792.08000000,135.54030000
2026-07-19T01:00:00,64792.08000000,64792.09000000,64770.75000000,64776.96000000,71.69281000
2026-07-19T01:30:00,64776.95000000,64782.19000000,64765.99000000,64765.99000000,139.34631000
2026-07-19T02:00:00,64766.00000000,64967.25000000,64700.84000000,64822.26000000,375.63392000
2026-07-19T02:30:00,64822.25000000,64950.00000000,64822.24000000,64826.01000000,198.45735000
2026-07-19T03:00:00,64826.01000000,64842.92000000,64620.44000000,64662.63000000,254.81881000
2026-07-19T03:30:00,64662.64000000,64706.18000000,64648.10000000,64706.18000000,161.29503000
2026-07-19T04:00:00,64706.18000000,64715.53000000,64610.89000000,64713.88000000,116.05256000
2026-07-19T04:30:00,64713.88000000,64795.43000000,64694.72000000,64720.17000000,133.26328000
2026-07-19T05:00:00,64720.17000000,64815.65000000,64714.00000000,64714.01000000,114.10830000
2026-07-19T05:30:00,64714.00000000,64746.71000000,64676.00000000,64724.01000000,92.16703000
2026-07-19T06:00:00,64724.00000000,64759.33000000,64694.66000000,64730.01000000,112.90317000
2026-07-19T06:30:00,64730.01000000,64758.83000000,64704.98000000,64711.69000000,131.89215000
2026-07-19T07:00:00,64711.69000000,64718.00000000,64690.00000000,64717.99000000,139.19103000
2026-07-19T07:30:00,64717.99000000,64784.00000000,64675.00000000,64711.05000000,262.08350000
2026-07-19T08:00:00,64711.04000000,64726.52000000,64631.54000000,64670.00000000,462.97688000
2026-07-19T08:30:00,64670.01000000,64743.00000000,64640.00000000,64707.49000000,139.68544000
2026-07-19T09:00:00,64707.48000000,64725.74000000,64550.00000000,64578.00000000,157.76867000
2026-07-19T09:30:00,64577.99000000,64602.61000000,64500.00000000,64509.99000000,235.16605000
2026-07-19T10:00:00,64510.00000000,64627.09000000,64482.00000000,64627.08000000,133.10079000
2026-07-19T10:30:00,64627.08000000,64700.00000000,64574.00000000,64595.00000000,201.54285000
2026-07-19T11:00:00,64595.00000000,64636.28000000,64520.00000000,64549.99000000,110.71008000
2026-07-19T11:30:00,64550.00000000,64558.60000000,64445.00000000,64467.64000000,97.98363000
2026-07-19T12:00:00,64467.65000000,64467.65000000,64285.24000000,64315.00000000,323.07819000
2026-07-19T12:30:00,64314.99000000,64466.56000000,64311.29000000,64441.15000000,226.20771000
2026-07-19T13:00:00,64441.16000000,64464.98000000,64307.72000000,64412.00000000,156.97399000
2026-07-19T13:30:00,64412.00000000,64516.33000000,64406.73000000,64483.31000000,168.97193000
2026-07-19T14:00:00,64483.32000000,64554.00000000,64425.24000000,64470.00000000,185.45765000
2026-07-19T14:30:00,64470.00000000,64663.04000000,64455.00000000,64593.07000000,143.51295000
2026-07-19T15:00:00,64593.07000000,64620.00000000,64505.21000000,64510.71000000,139.32069000
2026-07-19T15:30:00,64510.71000000,64589.76000000,64500.00000000,64585.32000000,120.98389000
2026-07-19T16:00:00,64585.33000000,64644.00000000,64505.21000000,64611.77000000,227.56091000
2026-07-19T16:30:00,64611.78000000,64611.78000000,64519.18000000,64538.72000000,94.07728000
2026-07-19T17:00:00,64538.72000000,64752.00000000,64406.30000000,64649.65000000,279.82783000
2026-07-19T17:30:00,64649.64000000,64725.52000000,64538.00000000,64547.86000000,122.36801000
2026-07-19T18:00:00,64547.86000000,64554.00000000,64280.00000000,64400.00000000,272.00980000
2026-07-19T18:30:00,64400.01000000,64444.66000000,64345.09000000,64419.99000000,49.70184000
2026-07-19T19:00:00,64420.00000000,64467.82000000,64352.00000000,64437.97000000,71.69692000
2026-07-19T19:30:00,64437.98000000,64462.58000000,64390.86000000,64462.58000000,43.33013000
2026-07-19T20:00:00,64462.58000000,64560.00000000,64462.57000000,64494.00000000,67.04300000
2026-07-19T20:30:00,64494.01000000,64536.00000000,64480.94000000,64535.99000000,33.48302000
2026-07-19T21:00:00,64536.00000000,64562.55000000,64462.22000000,64472.00000000,62.96681000
2026-07-19T21:30:00,64472.00000000,64472.00000000,64350.00000000,64415.75000000,158.53310000
2026-07-19T22:00:00,64415.75000000,64900.00000000,64347.89000000,64760.01000000,553.99978000
2026-07-19T22:30:00,64760.00000000,64817.35000000,64668.06000000,64674.67000000,274.28901000
2026-07-19T23:00:00,64674.66000000,64713.30000000,64572.00000000,64674.00000000,114.47776000
2026-07-19T23:30:00,64673.99000000,64772.00000000,64644.30000000,64722.54000000,205.16244000
2026-07-20T00:00:00,64722.55000000,65107.99000000,64572.00000000,64876.01000000,517.80777000
2026-07-20T00:30:00,64876.01000000,64938.00000000,64416.00000000,64553.84000000,218.25158000
2026-07-20T01:00:00,64553.85000000,65029.40000000,64510.00000000,64850.42000000,229.26442000
2026-07-20T01:30:00,64850.43000000,64931.34000000,64506.00000000,64628.01000000,172.02656000
2026-07-20T02:00:00,64628.01000000,64950.88000000,64585.00000000,64674.01000000,207.37078000
2026-07-20T02:30:00,64674.00000000,64964.00000000,64660.00000000,64827.20000000,171.55623000
2026-07-20T03:00:00,64827.19000000,64887.98000000,64644.01000000,64688.01000000,141.25291000
2026-07-20T03:30:00,64688.00000000,64914.93000000,64666.00000000,64869.80000000,199.28223000
2026-07-20T04:00:00,64869.79000000,64869.99000000,64640.00000000,64759.41000000,167.23524000
2026-07-20T04:30:00,64759.40000000,64814.00000000,64540.00000000,64540.01000000,166.14552000
2026-07-20T05:00:00,64540.00000000,64562.00000000,64082.70000000,64183.21000000,722.57394000
2026-07-20T05:30:00,64183.21000000,64260.04000000,64099.46000000,64128.00000000,255.89797000
2026-07-20T06:00:00,64128.01000000,64220.00000000,64082.49000000,64136.01000000,203.22460000
2026-07-20T06:30:00,64136.00000000,64153.71000000,63765.83000000,63917.98000000,648.91358000
2026-07-20T07:00:00,63917.99000000,64161.04000000,63896.00000000,64130.72000000,452.91886000
2026-07-20T07:30:00,64130.71000000,64315.96000000,64092.00000000,64280.01000000,545.36229000
2026-07-20T08:00:00,64280.01000000,64356.00000000,64242.01000000,64250.01000000,772.13957000
2026-07-20T08:30:00,64250.01000000,64282.00000000,63100.00000000,64049.99000000,3129.31520000
2026-07-20T09:00:00,64050.00000000,64200.00000000,64012.80000000,64200.00000000,233.40231000
2026-07-20T09:30:00,64200.00000000,64276.00000000,64188.17000000,64199.50000000,275.24672000
2026-07-20T10:00:00,64199.51000000,64415.42000000,64162.00000000,64353.87000000,232.83516000
2026-07-20T10:30:00,64353.86000000,64353.87000000,64252.00000000,64301.18000000,106.71320000
2026-07-20T11:00:00,64301.18000000,64446.65000000,64273.33000000,64355.28000000,195.99057000
2026-07-20T11:30:00,64355.27000000,65068.00000000,64346.44000000,65002.01000000,844.03150000
2026-07-20T12:00:00,65002.00000000,65002.83000000,64670.01000000,64699.81000000,661.16577000
2026-07-20T12:30:00,64699.82000000,64748.30000000,64599.89000000,64640.00000000,640.29105000
2026-07-20T13:00:00,64640.00000000,64753.77000000,64530.00000000,64554.75000000,416.95169000
2026-07-20T13:30:00,64554.75000000,64763.67000000,64208.00000000,64344.01000000,754.78114000
2026-07-20T14:00:00,64344.01000000,64495.99000000,64077.76000000,64466.46000000,477.01490000
2026-07-20T14:30:00,64466.45000000,64575.37000000,64303.92000000,64416.01000000,334.22389000
2026-07-20T15:00:00,64416.01000000,65017.49000000,64398.15000000,64948.27000000,962.02760000
2026-07-20T15:30:00,64948.27000000,65666.80000000,64802.41000000,65598.75000000,1601.14086000
2026-07-20T16:00:00,65598.75000000,65637.70000000,65378.00000000,65444.69000000,510.58702000
2026-07-20T16:30:00,65444.69000000,65554.37000000,65336.00000000,65508.50000000,546.03415000
2026-07-20T17:00:00,65508.50000000,65557.87000000,65438.00000000,65504.00000000,275.50382000
2026-07-20T17:30:00,65503.99000000,65646.55000000,65342.52000000,65587.98000000,397.91054000
2026-07-20T18:00:00,65587.99000000,65799.00000000,65566.30000000,65592.00000000,412.12287000
2026-07-20T18:30:00,65592.01000000,65592.01000000,65204.00000000,65240.01000000,296.08008000
2026-07-20T19:00:00,65240.01000000,65274.58000000,65072.20000000,65156.24000000,382.62765000
2026-07-20T19:30:00,65156.24000000,65182.48000000,65041.05000000,65142.00000000,473.52356000
2026-07-20T20:00:00,65142.00000000,65328.41000000,65061.92000000,65291.42000000,198.90270000
2026-07-20T20:30:00,65291.41000000,65438.00000000,65280.00000000,65367.58000000,140.19713000
2026-07-20T21:00:00,65367.57000000,65367.58000000,65286.78000000,65308.56000000,115.29758000
2026-07-20T21:30:00,65308.57000000,65445.27000000,65272.32000000,65286.02000000,149.69471000
2026-07-20T22:00:00,65286.02000000,65286.02000000,65141.22000000,65214.07000000,117.21661000
2026-07-20T22:30:00,65214.08000000,65230.00000000,65092.66000000,65141.99000000,216.15453000
2026-07-20T23:00:00,65142.00000000,65260.00000000,65128.17000000,65240.75000000,228.96349000
2026-07-20T23:30:00,65240.74000000,65272.21000000,65152.31000000,65255.51000000,206.31497000
2026-07-21T00:00:00,65255.51000000,65450.07000000,65148.75000000,65354.01000000,328.47827000
2026-07-21T00:30:00,65354.00000000,65585.00000000,65352.00000000,65568.01000000,357.30861000
2026-07-21T01:00:00,65568.00000000,65658.78000000,65434.00000000,65444.61000000,195.91848000
2026-07-21T01:30:00,65444.60000000,65476.50000000,65232.65000000,65235.55000000,225.96612000
2026-07-21T02:00:00,65235.56000000,65413.63000000,65176.20000000,65269.99000000,221.83765000
2026-07-21T02:30:00,65270.00000000,65500.00000000,65269.99000000,65414.01000000,160.37310000
2026-07-21T03:00:00,65414.01000000,65541.35000000,65411.74000000,65488.00000000,258.66419000
2026-07-21T03:30:00,65488.00000000,65593.11000000,65445.72000000,65566.78000000,536.84950000
2026-07-21T04:00:00,65566.77000000,65742.58000000,65512.00000000,65514.01000000,241.16997000
2026-07-21T04:30:00,65514.02000000,65573.00000000,65471.69000000,65522.01000000,359.59391000
2026-07-21T05:00:00,65522.00000000,65654.62000000,65485.55000000,65594.99000000,481.58260000
2026-07-21T05:30:00,65595.00000000,65933.24000000,65562.00000000,65751.56000000,383.23690000
2026-07-21T06:00:00,65751.56000000,65842.00000000,65634.00000000,65820.01000000,300.22215000
2026-07-21T06:30:00,65820.01000000,65991.05000000,65810.00000000,65913.00000000,433.21669000
2026-07-21T07:00:00,65913.00000000,66008.00000000,65866.00000000,65961.99000000,344.16609000
2026-07-21T07:30:00,65962.00000000,66245.64000000,65950.00000000,66186.86000000,994.55113000
2026-07-21T08:00:00,66186.86000000,66350.00000000,66129.19000000,66215.99000000,553.92478000
2026-07-21T08:30:00,66215.99000000,66354.00000000,66188.00000000,66226.44000000,478.78774000
2026-07-21T09:00:00,66226.43000000,66246.42000000,66144.00000000,66240.02000000,261.52151000
2026-07-21T09:30:00,66240.01000000,66350.00000000,66228.60000000,66291.99000000,211.44247000
2026-07-21T10:00:00,66292.00000000,66420.59000000,66269.10000000,66420.00000000,449.23610000
2026-07-21T10:30:00,66420.00000000,66420.65000000,66176.55000000,66180.00000000,729.80828000
2026-07-21T11:00:00,66180.00000000,66256.22000000,66147.82000000,66233.99000000,439.49820000
2026-07-21T11:30:00,66233.99000000,66350.00000000,66218.78000000,66345.59000000,312.75051000
2026-07-21T12:00:00,66345.59000000,66497.91000000,66255.73000000,66465.01000000,613.35912000
2026-07-21T12:30:00,66465.01000000,66640.00000000,66426.01000000,66558.82000000,389.13496000
2026-07-21T13:00:00,66558.81000000,66662.67000000,66418.00000000,66440.01000000,402.47858000
2026-07-21T13:30:00,66440.02000000,66810.97000000,66315.62000000,66786.00000000,955.95938000
2026-07-21T14:00:00,66786.00000000,66956.15000000,66648.27000000,66740.00000000,1155.96996000
2026-07-21T14:30:00,66740.00000000,66928.49000000,66658.64000000,66842.30000000,566.36048000
2026-07-21T15:00:00,66842.29000000,66842.30000000,66619.33000000,66619.33000000,525.16956000
2026-07-21T15:30:00,66619.33000000,66723.27000000,66517.52000000,66676.54000000,423.56508000
2026-07-21T16:00:00,66676.53000000,66764.00000000,66525.42000000,66531.62000000,372.52268000
2026-07-21T16:30:00,66531.62000000,66650.24000000,66462.32000000,66542.01000000,300.21386000
2026-07-21T17:00:00,66542.01000000,66567.59000000,66401.21000000,66448.96000000,197.06431000
2026-07-21T17:30:00,66448.97000000,66505.99000000,66052.63000000,66207.95000000,827.74549000
2026-07-21T18:00:00,66207.96000000,66329.79000000,66102.79000000,66240.88000000,311.09068000
2026-07-21T18:30:00,66240.87000000,66358.00000000,66098.71000000,66319.95000000,308.22579000
2026-07-21T19:00:00,66319.96000000,66419.99000000,66264.12000000,66402.98000000,249.68321000
2026-07-21T19:30:00,66402.98000000,66502.80000000,66386.92000000,66444.76000000,373.86853000
2026-07-21T20:00:00,66444.76000000,66480.00000000,66359.30000000,66391.15000000,165.34336000
2026-07-21T20:30:00,66391.15000000,66496.00000000,66391.14000000,66406.57000000,123.07550000
2026-07-21T21:00:00,66406.58000000,66408.26000000,66308.00000000,66324.01000000,112.81770000
2026-07-21T21:30:00,66324.00000000,66395.55000000,66290.00000000,66385.00000000,217.90186000
2026-07-21T22:00:00,66385.00000000,66388.35000000,66204.00000000,66279.19000000,328.58009000
2026-07-21T22:30:00,66279.18000000,66345.28000000,66236.95000000,66304.02000000,103.49231000
2026-07-21T23:00:00,66304.02000000,66400.00000000,66228.55000000,66397.99000000,159.64172000
2026-07-21T23:30:00,66398.00000000,66576.00000000,66382.00000000,66556.16000000,174.91171000
2026-07-22T00:00:00,66556.15000000,66727.11000000,66525.54000000,66665.02000000,479.83647000
2026-07-22T00:30:00,66665.02000000,66739.89000000,66612.00000000,66620.97000000,481.42340000
2026-07-22T01:00:00,66620.97000000,66661.79000000,66329.78000000,66350.00000000,388.18145000
2026-07-22T01:30:00,66350.00000000,66511.36000000,66282.65000000,66433.30000000,413.66445000
2026-07-22T02:00:00,66433.29000000,66532.26000000,66369.33000000,66406.23000000,259.46756000
2026-07-22T02:30:00,66406.22000000,66406.23000000,66298.00000000,66314.12000000,324.73634000
2026-07-22T03:00:00,66314.12000000,66371.27000000,66176.00000000,66270.13000000,277.07574000
2026-07-22T03:30:00,66270.13000000,66367.20000000,66179.90000000,66210.00000000,258.27819000
2026-07-22T04:00:00,66209.99000000,66408.79000000,66198.00000000,66364.01000000,447.81057000
2026-07-22T04:30:00,66364.01000000,66424.00000000,66318.56000000,66381.05000000,568.69327000
2026-07-22T05:00:00,66381.05000000,66381.05000000,66040.80000000,66069.99000000,362.56589000
2026-07-22T05:30:00,66069.99000000,66126.00000000,65944.51000000,65974.90000000,370.28178000
2026-07-22T06:00:00,65974.90000000,66026.93000000,65831.18000000,65858.26000000,383.06249000
2026-07-22T06:30:00,65858.25000000,65992.00000000,65830.94000000,65934.33000000,294.06812000
2026-07-22T07:00:00,65934.34000000,65968.90000000,65845.12000000,65905.95000000,1079.02622000
2026-07-22T07:30:00,65905.95000000,65916.00000000,65701.00000000,65843.48000000,619.18306000
2026-07-22T08:00:00,65843.48000000,66164.57000000,65843.47000000,66019.96000000,865.73649000
2026-07-22T08:30:00,66019.96000000,66079.88000000,65928.00000000,65987.96000000,896.29610000
2026-07-22T09:00:00,65987.97000000,66082.50000000,65969.76000000,66028.00000000,986.04663000
2026-07-22T09:30:00,66028.00000000,66028.01000000,65850.00000000,65928.00000000,997.52888000
2026-07-22T10:00:00,65928.01000000,65981.13000000,65898.00000000,65969.58000000,172.05876000
2026-07-22T10:30:00,65969.58000000,66116.36000000,65952.88000000,66046.02000000,464.21746000
2026-07-22T11:00:00,66046.01000000,66092.59000000,65981.29000000,66049.99000000,342.74836000
2026-07-22T11:30:00,66049.99000000,66064.00000000,65909.16000000,66013.36000000,446.67828000
2026-07-22T12:00:00,66013.36000000,66013.37000000,65849.95000000,65886.96000000,158.27090000
2026-07-22T12:30:00,65886.97000000,65908.21000000,65553.67000000,65636.01000000,414.04866000
2026-07-22T13:00:00,65636.01000000,65684.57000000,65559.66000000,65621.16000000,303.22166000
2026-07-22T13:30:00,65621.17000000,65982.28000000,65601.61000000,65951.39000000,459.22385000
2026-07-22T14:00:00,65951.38000000,66204.98000000,65592.00000000,65624.00000000,678.23108000
2026-07-22T14:30:00,65624.01000000,65873.99000000,65588.00000000,65793.98000000,299.43691000
2026-07-22T15:00:00,65793.98000000,66125.00000000,65793.98000000,66076.00000000,473.29992000
2026-07-22T15:30:00,66076.01000000,66118.00000000,65946.00000000,66047.39000000,216.36447000
2026-07-22T16:00:00,66047.38000000,66152.00000000,65911.60000000,66026.10000000,219.60977000
2026-07-22T16:30:00,66026.09000000,66384.00000000,66010.00000000,66229.01000000,311.73704000
2026-07-22T17:00:00,66229.01000000,66275.29000000,65944.00000000,65992.96000000,167.74364000
2026-07-22T17:30:00,65992.97000000,66234.51000000,65982.01000000,66024.03000000,164.94501000
2026-07-22T18:00:00,66024.02000000,66075.91000000,65838.43000000,65885.52000000,179.51095000
2026-07-22T18:30:00,65885.53000000,65928.56000000,65726.08000000,65895.46000000,193.16614000
2026-07-22T19:00:00,65895.46000000,65924.86000000,65691.93000000,65898.01000000,130.37174000
2026-07-22T19:30:00,65898.01000000,65958.56000000,65850.00000000,65923.19000000,154.11883000
2026-07-22T20:00:00,65923.19000000,65986.00000000,65791.79000000,65938.72000000,219.04432000
2026-07-22T20:30:00,65938.71000000,65950.04000000,65896.00000000,65919.68000000,84.28910000
2026-07-22T21:00:00,65919.67000000,65949.62000000,65892.64000000,65913.45000000,152.00600000
2026-07-22T21:30:00,65913.46000000,66133.98000000,65913.45000000,66072.47000000,193.28083000
2026-07-22T22:00:00,66072.48000000,66080.94000000,65932.00000000,66026.09000000,122.05190000
2026-07-22T22:30:00,66026.10000000,66056.88000000,65934.51000000,66044.17000000,161.77300000
2026-07-22T23:00:00,66044.17000000,66076.92000000,65844.30000000,65974.94000000,269.02029000
2026-07-22T23:30:00,65974.94000000,66138.24000000,65950.01000000,66114.49000000,171.43405000
2026-07-23T00:00:00,66114.50000000,66313.14000000,66060.39000000,66253.58000000,328.33420000
2026-07-23T00:30:00,66253.58000000,66272.47000000,66054.58000000,66058.19000000,490.19322000
2026-07-23T01:00:00,66058.20000000,66208.00000000,65898.27000000,65930.00000000,594.29605000
2026-07-23T01:30:00,65930.01000000,65942.00000000,65751.00000000,65830.00000000,317.59664000
2026-07-23T02:00:00,65830.00000000,65840.01000000,65653.23000000,65746.01000000,271.20210000
2026-07-23T02:30:00,65746.00000000,65843.25000000,65723.52000000,65805.34000000,218.47554000
2026-07-23T03:00:00,65805.35000000,65816.00000000,65585.11000000,65641.69000000,416.49478000
2026-07-23T03:30:00,65641.70000000,65705.30000000,65630.00000000,65662.53000000,101.62929000
2026-07-23T04:00:00,65662.53000000,65738.99000000,65590.12000000,65694.99000000,514.33392000
2026-07-23T04:30:00,65694.99000000,65699.82000000,65594.61000000,65616.48000000,159.49829000
2026-07-23T05:00:00,65616.49000000,65724.00000000,65570.12000000,65724.00000000,154.97658000
2026-07-23T05:30:00,65724.00000000,65797.93000000,65650.00000000,65691.01000000,103.18413000
2026-07-23T06:00:00,65691.01000000,65751.25000000,65625.20000000,65751.25000000,115.71311000
2026-07-23T06:30:00,65751.24000000,65821.17000000,65711.07000000,65790.00000000,82.50740000
2026-07-23T07:00:00,65790.00000000,65790.00000000,65351.02000000,65436.85000000,390.25686000
2026-07-23T07:30:00,65436.85000000,65463.82000000,65372.12000000,65442.13000000,235.24174000
2026-07-23T08:00:00,65442.12000000,65605.34000000,65419.75000000,65595.06000000,421.11769000
2026-07-23T08:30:00,65595.05000000,65665.99000000,65595.05000000,65633.00000000,196.10984000
2026-07-23T09:00:00,65632.99000000,65757.99000000,65608.18000000,65709.00000000,297.50286000
2026-07-23T09:30:00,65709.00000000,65741.34000000,65622.31000000,65638.92000000,207.66621000
2026-07-23T10:00:00,65638.92000000,65764.00000000,65589.69000000,65763.99000000,140.33549000
2026-07-23T10:30:00,65764.00000000,65792.09000000,65722.43000000,65740.00000000,173.85820000
2026-07-23T11:00:00,65740.00000000,65740.01000000,65626.00000000,65626.08000000,104.92032000
2026-07-23T11:30:00,65626.08000000,65639.41000000,65540.93000000,65555.21000000,155.95795000
2026-07-23T12:00:00,65555.21000000,65589.41000000,65378.19000000,65422.03000000,343.46394000
2026-07-23T12:30:00,65422.03000000,65422.03000000,64988.05000000,65167.04000000,736.75229000
2026-07-23T13:00:00,65167.05000000,65221.29000000,64947.95000000,65019.33000000,398.88841000
2026-07-23T13:30:00,65019.33000000,65200.00000000,64863.62000000,64880.00000000,620.79707000
2026-07-23T14:00:00,64880.00000000,65216.24000000,64822.13000000,65150.10000000,656.74133000
2026-07-23T14:30:00,65150.09000000,65209.50000000,64847.31000000,64909.99000000,465.84240000
2026-07-23T15:00:00,64910.00000000,64956.89000000,64728.00000000,64870.01000000,683.67122000
2026-07-23T15:30:00,64870.00000000,65023.68000000,64825.05000000,64958.36000000,403.78401000
2026-07-23T16:00:00,64958.37000000,64961.15000000,64754.00000000,64818.94000000,410.81503000
2026-07-23T16:30:00,64818.94000000,64838.00000000,64704.57000000,64756.84000000,413.15844000
2026-07-23T17:00:00,64756.84000000,64876.69000000,64733.59000000,64849.99000000,337.27474000
2026-07-23T17:30:00,64849.99000000,64900.00000000,64650.00000000,64681.27000000,273.26692000
2026-07-23T18:00:00,64681.26000000,64825.95000000,64680.00000000,64811.31000000,253.60323000
2026-07-23T18:30:00,64811.31000000,64948.05000000,64784.08000000,64869.12000000,219.97183000
2026-07-23T19:00:00,64869.13000000,64934.75000000,64760.00000000,64896.44000000,188.43719000
2026-07-23T19:30:00,64896.44000000,64930.00000000,64686.56000000,64846.94000000,336.93505000
2026-07-23T20:00:00,64846.93000000,65217.93000000,64834.52000000,65168.00000000,346.76060000
2026-07-23T20:30:00,65167.99000000,65174.00000000,65108.00000000,65147.50000000,88.93237000
2026-07-23T21:00:00,65147.50000000,65210.35000000,65014.00000000,65116.00000000,194.63575000
2026-07-23T21:30:00,65116.01000000,65169.82000000,65060.00000000,65169.81000000,154.04245000
2026-07-23T22:00:00,65169.82000000,65220.91000000,65013.94000000,65143.48000000,347.68371000
2026-07-23T22:30:00,65143.47000000,65227.99000000,65138.00000000,65195.43000000,117.34301000
2026-07-23T23:00:00,65195.43000000,65235.43000000,65142.03000000,65176.14000000,413.55007000
2026-07-23T23:30:00,65176.15000000,65209.34000000,65052.01000000,65098.97000000,100.47326000
2026-07-24T00:00:00,65098.98000000,65113.86000000,64881.53000000,64881.54000000,153.06960000
2026-07-24T00:30:00,64881.54000000,64974.00000000,64762.18000000,64973.99000000,190.34338000
2026-07-24T01:00:00,64974.00000000,65125.52000000,64944.37000000,65018.57000000,272.40205000
2026-07-24T01:30:00,65018.56000000,65168.00000000,65018.56000000,65086.00000000,393.99357000
2026-07-24T02:00:00,65086.00000000,65187.57000000,65064.00000000,65163.01000000,179.88725000
2026-07-24T02:30:00,65163.00000000,65163.01000000,64925.45000000,65116.99000000,252.48665000
2026-07-24T03:00:00,65116.99000000,65400.00000000,65078.00000000,65324.21000000,252.63554000
2026-07-24T03:30:00,65324.21000000,65464.35000000,65278.00000000,65456.70000000,130.06426000
2026-07-24T04:00:00,65456.70000000,65469.86000000,65333.97000000,65418.01000000,159.80718000
2026-07-24T04:30:00,65418.00000000,65418.00000000,65272.26000000,65318.00000000,139.88862000
2026-07-24T05:00:00,65318.01000000,65394.00000000,65248.00000000,65334.30000000,228.36492000
2026-07-24T05:30:00,65334.30000000,65334.30000000,65264.83000000,65325.00000000,143.93923000
2026-07-24T06:00:00,65325.01000000,65499.00000000,65278.07000000,65468.00000000,601.62924000
2026-07-24T06:30:00,65468.00000000,65519.93000000,65381.76000000,65472.00000000,312.63514000
2026-07-24T07:00:00,65472.00000000,65808.59000000,65471.99000000,65641.31000000,524.79023000
2026-07-24T07:30:00,65641.31000000,65696.99000000,65320.69000000,65499.95000000,694.81258000
2026-07-24T08:00:00,65499.94000000,65508.17000000,65312.00000000,65390.01000000,169.37452000
2026-07-24T08:30:00,65390.01000000,65451.99000000,65302.18000000,65302.18000000,136.88573000
2026-07-24T09:00:00,65302.18000000,65314.66000000,64952.38000000,64965.43000000,308.60249000
2026-07-24T09:30:00,64965.43000000,65136.00000000,64960.67000000,65113.13000000,170.33242000
2026-07-24T10:00:00,65113.13000000,65157.99000000,64968.56000000,65014.00000000,326.34010000
2026-07-24T10:30:00,65013.99000000,65050.00000000,64906.85000000,64950.00000000,389.78772000
2026-07-24T11:00:00,64950.01000000,65069.05000000,64920.00000000,65035.94000000,425.69128000
2026-07-24T11:30:00,65035.95000000,65099.99000000,64857.14000000,65083.43000000,325.48247000
2026-07-24T12:00:00,65083.42000000,65133.99000000,64987.84000000,65026.63000000,212.16063000
2026-07-24T12:30:00,65026.64000000,65058.56000000,64766.00000000,64780.01000000,295.29054000
2026-07-24T13:00:00,64780.00000000,64802.00000000,64350.04000000,64381.99000000,817.83967000
2026-07-24T13:30:00,64381.99000000,64442.00000000,63920.01000000,64155.46000000,1189.84615000
2026-07-24T14:00:00,64155.47000000,64198.30000000,63739.75000000,63860.33000000,991.50976000
2026-07-24T14:30:00,63860.34000000,64055.12000000,63743.62000000,64055.12000000,599.57950000
2026-07-24T15:00:00,64055.11000000,64193.36000000,63858.00000000,64128.56000000,538.49155000
2026-07-24T15:30:00,64128.55000000,64333.33000000,64038.86000000,64093.85000000,1400.69824000
2026-07-24T16:00:00,64093.86000000,64200.00000000,64020.86000000,64092.36000000,223.08018000
2026-07-24T16:30:00,64092.36000000,64092.36000000,63881.46000000,63958.00000000,306.27907000
2026-07-24T17:00:00,63958.01000000,64144.00000000,63905.51000000,64098.06000000,230.40067000
2026-07-24T17:30:00,64098.06000000,64202.91000000,64094.00000000,64180.00000000,295.07490000
2026-07-24T18:00:00,64180.00000000,64211.11000000,64129.75000000,64142.31000000,155.05675000
2026-07-24T18:30:00,64142.31000000,64290.10000000,64131.71000000,64272.00000000,235.93050000
2026-07-24T19:00:00,64272.01000000,64292.44000000,64141.18000000,64201.69000000,205.05563000
2026-07-24T19:30:00,64201.69000000,64274.00000000,64176.00000000,64225.32000000,374.53899000
2026-07-24T20:00:00,64225.32000000,64288.02000000,64194.96000000,64238.47000000,115.60991000
2026-07-24T20:30:00,64238.46000000,64238.47000000,64128.89000000,64170.23000000,99.21768000
2026-07-24T21:00:00,64170.24000000,64258.73000000,64138.00000000,64180.00000000,298.32422000
2026-07-24T21:30:00,64180.00000000,64208.78000000,64122.29000000,64155.00000000,353.48920000
2026-07-24T22:00:00,64155.00000000,64196.99000000,64121.86000000,64167.13000000,322.62188000
2026-07-24T22:30:00,64167.14000000,64216.27000000,64162.35000000,64169.01000000,264.97610000
2026-07-24T23:00:00,64169.01000000,64180.91000000,64139.01000000,64176.39000000,136.37103000
2026-07-24T23:30:00,64176.39000000,64187.40000000,64134.71000000,64139.99000000,276.58288000
2026-07-25T00:00:00,64140.00000000,64179.03000000,64129.99000000,64149.80000000,214.61976000
2026-07-25T00:30:00,64149.80000000,64163.88000000,64033.18000000,64073.61000000,171.92796000
2026-07-25T01:00:00,64073.61000000,64160.00000000,64006.55000000,64056.01000000,123.90167000
2026-07-25T01:30:00,64056.00000000,64147.19000000,64038.00000000,64068.01000000,369.17527000
2026-07-25T02:00:00,64068.00000000,64099.99000000,64033.97000000,64060.00000000,142.65190000
2026-07-25T02:30:00,64059.99000000,64060.00000000,64017.87000000,64052.00000000,336.93649000
2026-07-25T03:00:00,64052.01000000,64103.67000000,64016.65000000,64080.00000000,412.44102000
2026-07-25T03:30:00,64080.00000000,64105.61000000,64047.44000000,64085.36000000,57.07479000
2026-07-25T04:00:00,64085.36000000,64134.00000000,64085.36000000,64104.98000000,72.96786000
2026-07-25T04:30:00,64104.98000000,64205.67000000,64085.15000000,64181.46000000,98.41245000
2026-07-25T05:00:00,64181.45000000,64199.76000000,64139.99000000,64150.56000000,86.22063000
2026-07-25T05:30:00,64150.55000000,64150.56000000,63980.01000000,64024.00000000,159.40375000
2026-07-25T06:00:00,64024.00000000,64063.37000000,63979.99000000,64012.00000000,149.53627000
2026-07-25T06:30:00,64012.00000000,64027.64000000,63964.57000000,64010.00000000,99.01131000
2026-07-25T07:00:00,64010.00000000,64038.00000000,64000.00000000,64025.26000000,209.80622000
2026-07-25T07:30:00,64025.26000000,64038.52000000,64003.19000000,64003.20000000,198.55989000
2026-07-25T08:00:00,64003.20000000,64010.01000000,63919.91000000,63996.95000000,195.46481000
2026-07-25T08:30:00,63996.95000000,64005.40000000,63810.00000000,63876.06000000,312.06417000
2026-07-25T09:00:00,63876.07000000,63942.00000000,63830.00000000,63941.99000000,765.76982000
2026-07-25T09:30:00,63941.99000000,64024.72000000,63925.30000000,63999.99000000,1047.84228000
2026-07-25T10:00:00,64000.00000000,64050.15000000,64000.00000000,64036.38000000,92.47273000
2026-07-25T10:30:00,64036.37000000,64070.00000000,63996.00000000,64070.00000000,108.10686000
2026-07-25T11:00:00,64069.99000000,64094.77000000,64047.09000000,64086.54000000,123.77614000
2026-07-25T11:30:00,64086.55000000,64113.00000000,64053.00000000,64064.01000000,102.69018000
2026-07-25T12:00:00,64064.01000000,64079.78000000,64044.33000000,64050.00000000,100.43665000
2026-07-25T12:30:00,64050.01000000,64123.80000000,64043.00000000,64123.80000000,78.97355000
2026-07-25T13:00:00,64123.80000000,64136.45000000,64106.74000000,64132.00000000,86.64682000
2026-07-25T13:30:00,64132.01000000,64267.78000000,64116.97000000,64172.00000000,198.81909000
2026-07-25T14:00:00,64172.01000000,64182.00000000,64126.00000000,64160.81000000,140.99650000
2026-07-25T14:30:00,64160.82000000,64217.09000000,64160.81000000,64214.04000000,129.20673000
2026-07-25T15:00:00,64214.05000000,64272.00000000,64188.38000000,64200.01000000,104.37327000
2026-07-25T15:30:00,64200.01000000,64242.61000000,64169.99000000,64182.00000000,89.60702000
2026-07-25T16:00:00,64182.01000000,64208.50000000,64123.00000000,64142.26000000,79.84837000
2026-07-25T16:30:00,64142.26000000,64241.71000000,64142.14000000,64206.60000000,46.76191000
2026-07-25T17:00:00,64206.61000000,64281.28000000,64194.37000000,64271.93000000,69.10862000
2026-07-25T17:30:00,64271.93000000,64356.00000000,64250.58000000,64267.40000000,118.70844000
2026-07-25T18:00:00,64267.41000000,64420.00000000,64267.41000000,64419.99000000,137.64034000
2026-07-25T18:30:00,64420.00000000,64475.28000000,64388.37000000,64415.99000000,176.88034000
2026-07-25T19:00:00,64415.99000000,64438.12000000,64396.00000000,64409.64000000,85.24136000
2026-07-25T19:30:00,64409.64000000,64428.00000000,64388.38000000,64388.38000000,134.25594000
2026-07-25T20:00:00,64388.39000000,64392.74000000,64343.00000000,64371.35000000,141.59414000
2026-07-25T20:30:00,64371.35000000,64371.35000000,64313.00000000,64339.75000000,72.30752000
2026-07-25T21:00:00,64339.75000000,64339.75000000,64263.03000000,64291.93000000,61.35838000
2026-07-25T21:30:00,64291.94000000,64430.00000000,64291.93000000,64344.02000000,115.70625000
2026-07-25T22:00:00,64344.02000000,64421.58000000,64344.01000000,64395.91000000,174.99730000
2026-07-25T22:30:00,64395.92000000,64426.00000000,64359.12000000,64412.00000000,450.93993000
2026-07-25T23:00:00,64412.01000000,64429.38000000,64393.01000000,64398.00000000,147.64689000
2026-07-25T23:30:00,64398.00000000,64427.88000000,64363.00000000,64375.00000000,270.16071000
2026-07-26T00:00:00,64375.01000000,64486.00000000,64350.00000000,64474.87000000,185.70479000
2026-07-26T00:30:00,64474.86000000,64507.00000000,64406.00000000,64506.99000000,71.03179000
2026-07-26T01:00:00,64506.99000000,64541.66000000,64466.00000000,64474.05000000,80.20590000
2026-07-26T01:30:00,64474.06000000,64498.62000000,64456.67000000,64462.00000000,196.97558000
2026-07-26T02:00:00,64462.00000000,64476.00000000,64427.59000000,64474.00000000,80.88294000
2026-07-26T02:30:00,64474.00000000,64527.59000000,64432.99000000,64527.56000000,36.13966000
2026-07-26T03:00:00,64527.57000000,64578.21000000,64488.73000000,64563.00000000,158.62519000
2026-07-26T03:30:00,64563.01000000,64582.00000000,64530.15000000,64557.00000000,146.33800000
2026-07-26T04:00:00,64557.00000000,64557.01000000,64491.73000000,64549.22000000,129.76185000
2026-07-26T04:30:00,64549.22000000,64599.95000000,64508.01000000,64530.06000000,295.40268000
2026-07-26T05:00:00,64530.06000000,64530.07000000,64493.00000000,64493.00000000,53.50747000
2026-07-26T05:30:00,64493.01000000,64493.01000000,64403.95000000,64417.69000000,77.63761000
2026-07-26T06:00:00,64417.68000000,64437.88000000,64293.81000000,64301.76000000,232.47676000
2026-07-26T06:30:00,64301.76000000,64457.55000000,64301.76000000,64438.00000000,175.75905000
2026-07-26T07:00:00,64438.01000000,64460.00000000,64357.84000000,64367.98000000,88.26843000
2026-07-26T07:30:00,64367.98000000,64375.74000000,64341.99000000,64370.00000000,185.22892000
2026-07-26T08:00:00,64370.00000000,64412.99000000,64353.00000000,64394.00000000,124.31726000
2026-07-26T08:30:00,64394.00000000,64493.99000000,64393.99000000,64480.01000000,79.83265000
2026-07-26T09:00:00,64480.02000000,64545.36000000,64478.38000000,64530.01000000,102.99540000
2026-07-26T09:30:00,64530.01000000,64549.02000000,64513.00000000,64538.00000000,61.82946000
2026-07-26T10:00:00,64538.01000000,64540.00000000,64497.62000000,64518.30000000,87.82747000
2026-07-26T10:30:00,64518.29000000,64573.73000000,64515.39000000,64515.40000000,49.21993000
2026-07-26T11:00:00,64515.39000000,64535.99000000,64503.95000000,64503.95000000,98.78209000
2026-07-26T11:30:00,64503.96000000,64515.22000000,64495.17000000,64507.35000000,76.06190000
2026-07-26T12:00:00,64507.36000000,64662.99000000,64507.35000000,64572.82000000,233.68785000
2026-07-26T12:30:00,64572.81000000,64572.82000000,64434.00000000,64466.67000000,85.60544000
2026-07-26T13:00:00,64466.68000000,64514.00000000,64414.00000000,64470.02000000,67.57793000
2026-07-26T13:30:00,64470.01000000,64571.42000000,64454.80000000,64518.00000000,251.57617000
2026-07-26T14:00:00,64517.99000000,64768.23000000,64517.99000000,64630.31000000,324.26485000
2026-07-26T14:30:00,64630.31000000,64758.86000000,64624.28000000,64712.99000000,179.97730000
2026-07-26T15:00:00,64713.00000000,64783.00000000,64673.42000000,64757.56000000,163.51349000
2026-07-26T15:30:00,64757.56000000,64827.00000000,64734.00000000,64768.00000000,150.35546000
2026-07-26T16:00:00,64768.00000000,64814.17000000,64703.23000000,64801.26000000,149.47736000
2026-07-26T16:30:00,64801.25000000,64940.51000000,64734.16000000,64734.17000000,270.57306000
2026-07-26T17:00:00,64734.17000000,64794.45000000,64676.91000000,64715.27000000,223.86796000
2026-07-26T17:30:00,64715.26000000,64753.00000000,64668.91000000,64697.20000000,123.94519000
2026-07-26T18:00:00,64697.21000000,64705.99000000,64668.91000000,64688.61000000,59.72029000
2026-07-26T18:30:00,64688.61000000,64769.99000000,64676.72000000,64734.38000000,55.04252000
2026-07-26T19:00:00,64734.39000000,64742.45000000,64671.91000000,64720.01000000,315.39915000
2026-07-26T19:30:00,64720.01000000,64753.00000000,64693.17000000,64695.52000000,54.15803000
2026-07-26T20:00:00,64695.52000000,64703.36000000,64631.57000000,64649.99000000,71.00151000
2026-07-26T20:30:00,64650.00000000,64669.99000000,64649.03000000,64649.04000000,49.01631000
2026-07-26T21:00:00,64649.04000000,64859.99000000,64649.03000000,64819.17000000,126.97769000
2026-07-26T21:30:00,64819.16000000,64924.00000000,64793.00000000,64858.02000000,141.28736000
2026-07-26T22:00:00,64858.03000000,65260.86000000,64858.03000000,65204.00000000,615.73932000
2026-07-26T22:30:00,65204.00000000,65502.60000000,65184.12000000,65412.68000000,715.33460000
2026-07-26T23:00:00,65412.69000000,65577.00000000,65312.00000000,65334.00000000,494.69049000
2026-07-26T23:30:00,65334.00000000,65463.97000000,65273.76000000,65399.99000000,135.45878000
2026-07-27T00:00:00,65400.00000000,65418.81000000,65108.00000000,65199.99000000,276.04365000
2026-07-27T00:30:00,65199.99000000,65229.99000000,65065.46000000,65131.95000000,189.73022000
2026-07-27T01:00:00,65131.96000000,65206.84000000,64992.00000000,65019.88000000,189.87173000
2026-07-27T01:30:00,65019.89000000,65225.75000000,64892.03000000,65206.21000000,288.91550000
2026-07-27T02:00:00,65206.21000000,65249.74000000,65154.02000000,65186.54000000,224.38593000
2026-07-27T02:30:00,65186.54000000,65281.64000000,65118.08000000,65172.00000000,251.43232000
2026-07-27T03:00:00,65172.02000000,65341.77000000,65161.99000000,65319.99000000,376.02010000
2026-07-27T03:30:00,65319.99000000,65367.73000000,65254.00000000,65284.00000000,143.16272000
2026-07-27T04:00:00,65284.00000000,65500.00000000,65242.69000000,65325.33000000,200.04572000
2026-07-27T04:30:00,65325.32000000,65436.87000000,65252.30000000,65282.80000000,131.51409000
2026-07-27T05:00:00,65282.81000000,65438.00000000,65282.80000000,65411.99000000,126.29346000
2026-07-27T05:30:00,65411.99000000,65493.38000000,65351.62000000,65468.38000000,158.50026000
2026-07-27T06:00:00,65468.38000000,65744.60000000,65459.42000000,65492.54000000,562.29570000
2026-07-27T06:30:00,65492.54000000,65580.00000000,65404.90000000,65416.76000000,305.05160000
2026-07-27T07:00:00,65416.77000000,65447.02000000,65346.52000000,65410.49000000,453.92293000
2026-07-27T07:30:00,65410.50000000,65410.50000000,65217.16000000,65221.99000000,612.16826000
2026-07-27T08:00:00,65221.99000000,65258.00000000,65136.00000000,65239.57000000,399.61510000
2026-07-27T08:30:00,65239.58000000,65239.58000000,65128.85000000,65162.98000000,325.36008000
2026-07-27T09:00:00,65162.98000000,65234.00000000,65100.00000000,65225.67000000,541.61005000
2026-07-27T09:30:00,65225.68000000,65348.17000000,65210.37000000,65262.17000000,936.55067000
2026-07-27T10:00:00,65262.18000000,65390.00000000,65230.01000000,65348.01000000,250.60355000
2026-07-27T10:30:00,65348.01000000,65432.00000000,65333.33000000,65333.35000000,161.69638000
2026-07-27T11:00:00,65333.35000000,65333.36000000,65128.95000000,65128.95000000,138.84168000
2026-07-27T11:30:00,65128.95000000,65210.04000000,65092.00000000,65100.79000000,148.30834000
2026-07-27T12:00:00,65100.79000000,65255.76000000,65009.28000000,65009.29000000,238.47225000
2026-07-27T12:30:00,65009.28000000,65134.37000000,64836.00000000,65086.00000000,349.26006000
2026-07-27T13:00:00,65086.00000000,65124.00000000,64913.12000000,64947.60000000,202.16833000
2026-07-27T13:30:00,64947.60000000,65718.00000000,64943.66000000,65217.37000000,874.37309000
2026-07-27T14:00:00,65217.38000000,65431.90000000,64870.68000000,64870.69000000,457.80146000
2026-07-27T14:30:00,64870.69000000,64886.90000000,64459.82000000,64687.45000000,674.67528000
2026-07-27T15:00:00,64687.45000000,64776.00000000,64554.51000000,64658.00000000,329.80636000
2026-07-27T15:30:00,64658.00000000,64700.00000000,64418.01000000,64554.01000000,266.48357000
2026-07-27T16:00:00,64554.00000000,64796.00000000,64517.78000000,64734.01000000,272.08046000
2026-07-27T16:30:00,64734.00000000,64970.93000000,64734.00000000,64898.52000000,201.29255000
2026-07-27T17:00:00,64898.53000000,65061.86000000,64794.37000000,65002.55000000,249.65677000
2026-07-27T17:30:00,65002.55000000,65090.00000000,64955.43000000,65019.81000000,154.83530000
2026-07-27T18:00:00,65019.81000000,65058.32000000,64843.32000000,64918.87000000,133.18763000
2026-07-27T18:30:00,64918.87000000,64932.89000000,64755.67000000,64878.00000000,190.07581000
2026-07-27T19:00:00,64878.00000000,65029.30000000,64810.90000000,64996.01000000,136.54176000
2026-07-27T19:30:00,64996.01000000,65078.00000000,64920.50000000,64984.00000000,155.28258000
2026-07-27T20:00:00,64983.99000000,65056.00000000,64908.01000000,65015.24000000,73.06311000
2026-07-27T20:30:00,65015.24000000,65026.16000000,64908.01000000,64960.65000000,124.63648000
2026-07-27T21:00:00,64960.64000000,64960.65000000,64819.16000000,64828.38000000,129.65525000
2026-07-27T21:30:00,64828.37000000,64880.00000000,64790.28000000,64821.25000000,108.41878000
2026-07-27T22:00:00,64821.26000000,64821.26000000,64577.06000000,64602.71000000,208.38253000
2026-07-27T22:30:00,64602.70000000,64602.71000000,63792.00000000,63792.00000000,922.16403000
2026-07-27T23:00:00,63792.01000000,63940.27000000,63605.56000000,63882.56000000,674.65471000
2026-07-27T23:30:00,63882.38000000,63922.00000000,63634.00000000,63755.86000000,272.99724000
2026-07-28T00:00:00,63755.86000000,63827.49000000,63500.00000000,63704.30000000,424.72213000
2026-07-28T00:30:00,63704.30000000,63709.66000000,63469.30000000,63487.88000000,286.32331000
2026-07-28T01:00:00,63487.88000000,63529.89000000,63059.39000000,63315.51000000,954.85162000
2026-07-28T01:30:00,63315.51000000,63397.95000000,63178.00000000,63230.83000000,290.35817000
2026-07-28T02:00:00,63230.82000000,63305.94000000,63163.93000000,63235.97000000,226.53810000
2026-07-28T02:30:00,63235.96000000,63245.86000000,63108.00000000,63185.59000000,202.68084000
2026-07-28T03:00:00,63185.59000000,63346.30000000,63168.01000000,63300.62000000,345.82205000
2026-07-28T03:30:00,63300.63000000,63375.39000000,63228.57000000,63343.83000000,382.67851000
2026-07-28T04:00:00,63343.82000000,63361.85000000,63285.01000000,63295.11000000,231.16276000
2026-07-28T04:30:00,63295.10000000,63354.55000000,63221.26000000,63350.95000000,112.01106000
2026-07-28T05:00:00,63350.95000000,63623.50000000,63323.09000000,63545.26000000,231.43020000
2026-07-28T05:30:00,63545.26000000,63561.03000000,63432.38000000,63451.61000000,159.08819000
2026-07-28T06:00:00,63451.62000000,63526.86000000,63395.13000000,63521.99000000,213.29878000
2026-07-28T06:30:00,63522.00000000,63660.72000000,63506.05000000,63640.63000000,247.42410000
2026-07-28T07:00:00,63640.63000000,63668.71000000,63513.81000000,63575.76000000,631.24529000
2026-07-28T07:30:00,63575.76000000,63582.00000000,63455.58000000,63505.99000000,354.74001000
2026-07-28T08:00:00,63506.00000000,63546.36000000,63433.02000000,63479.99000000,151.82868000
2026-07-28T08:30:00,63480.00000000,63518.00000000,63406.11000000,63428.08000000,129.65898000
2026-07-28T09:00:00,63428.07000000,63499.76000000,63396.00000000,63496.30000000,140.80882000
2026-07-28T09:30:00,63496.29000000,63581.33000000,63368.81000000,63393.99000000,174.62877000
2026-07-28T10:00:00,63393.99000000,63429.83000000,63294.00000000,63386.91000000,204.27584000
2026-07-28T10:30:00,63386.91000000,63555.18000000,63370.00000000,63473.47000000,211.75986000
2026-07-28T11:00:00,63473.48000000,63593.00000000,63352.00000000,63453.29000000,197.82043000
2026-07-28T11:30:00,63453.28000000,63584.83000000,63368.00000000,63450.00000000,207.63286000
2026-07-28T12:00:00,63449.99000000,63536.00000000,63418.52000000,63424.00000000,200.89856000
2026-07-28T12:30:00,63424.00000000,63570.00000000,63364.96000000,63546.65000000,240.08559000
2026-07-28T13:00:00,63546.65000000,63588.00000000,63304.00000000,63310.01000000,399.64864000
2026-07-28T13:30:00,63310.00000000,63392.39000000,62742.47000000,63104.00000000,1216.26558000
2026-07-28T14:00:00,63104.00000000,63308.00000000,62965.38000000,63184.91000000,489.07516000
2026-07-28T14:30:00,63184.91000000,63550.00000000,63156.00000000,63412.45000000,379.91072000
2026-07-28T15:00:00,63412.45000000,63986.21000000,63269.28000000,63754.28000000,542.34370000
2026-07-28T15:30:00,63754.28000000,64026.62000000,63700.00000000,63928.47000000,402.77202000
2026-07-28T16:00:00,63928.46000000,63950.00000000,63800.00000000,63842.00000000,210.39158000
2026-07-28T16:30:00,63842.01000000,64100.00000000,63773.65000000,64043.26000000,307.55591000
2026-07-28T17:00:00,64043.27000000,64043.27000000,63694.70000000,63736.01000000,216.24304000
2026-07-28T17:30:00,63736.01000000,63736.01000000,63504.00000000,63685.88000000,311.00572000
2026-07-28T18:00:00,63685.88000000,63849.09000000,63680.91000000,63701.24000000,194.04650000
2026-07-28T18:30:00,63701.24000000,63796.00000000,63672.26000000,63734.49000000,117.46640000
2026-07-28T19:00:00,63734.49000000,63860.00000000,63724.00000000,63754.00000000,130.95691000
2026-07-28T19:30:00,63754.01000000,63904.00000000,63675.93000000,63904.00000000,202.31318000
2026-07-28T20:00:00,63904.00000000,64018.39000000,63880.00000000,63902.86000000,221.58232000
2026-07-28T20:30:00,63902.87000000,63942.97000000,63881.68000000,63917.55000000,78.63887000
2026-07-28T21:00:00,63917.55000000,63994.29000000,63892.00000000,63920.00000000,75.55974000
2026-07-28T21:30:00,63920.00000000,64073.30000000,63904.00000000,63972.44000000,151.67889000
2026-07-28T22:00:00,63972.44000000,64020.76000000,63906.50000000,63918.01000000,125.63895000
2026-07-28T22:30:00,63918.00000000,63918.00000000,63768.47000000,63783.71000000,194.03124000
2026-07-28T23:00:00,63783.72000000,63790.00000000,63562.00000000,63638.57000000,177.74251000
2026-07-28T23:30:00,63638.58000000,63956.40000000,63638.58000000,63915.00000000,591.18887000
2026-07-29T00:00:00,63915.00000000,64200.00000000,63914.99000000,64012.00000000,593.97112000
2026-07-29T00:30:00,64012.00000000,64188.75000000,63873.54000000,63953.99000000,268.03892000
2026-07-29T01:00:00,63954.00000000,63999.00000000,63776.34000000,63909.99000000,243.82000000
2026-07-29T01:30:00,63909.99000000,63939.37000000,63690.00000000,63705.06000000,399.92129000
2026-07-29T02:00:00,63705.07000000,64023.74000000,63658.00000000,64023.74000000,225.86427000
2026-07-29T02:30:00,64023.73000000,64132.42000000,63911.92000000,63979.96000000,233.88676000
2026-07-29T03:00:00,63979.96000000,64002.00000000,63786.78000000,63798.00000000,138.63731000
2026-07-29T03:30:00,63797.99000000,63870.00000000,63710.00000000,63753.03000000,242.90458000
2026-07-29T04:00:00,63753.04000000,63834.51000000,63598.00000000,63808.00000000,261.27025000
2026-07-29T04:30:00,63807.99000000,63970.92000000,63779.44000000,63968.34000000,374.21571000
2026-07-29T05:00:00,63968.34000000,64020.00000000,63890.07000000,63950.01000000,448.95520000
2026-07-29T05:30:00,63950.00000000,64094.20000000,63919.42000000,64067.32000000,163.21643000
2026-07-29T06:00:00,64067.32000000,64409.97000000,64026.64000000,64403.00000000,440.83897000
2026-07-29T06:30:00,64403.00000000,64471.00000000,64386.01000000,64435.62000000,518.78186000
2026-07-29T07:00:00,64435.63000000,64508.00000000,64402.67000000,64507.98000000,227.25968000
2026-07-29T07:30:00,64507.98000000,64575.99000000,64441.31000000,64561.00000000,285.05133000
2026-07-29T08:00:00,64561.01000000,64588.00000000,64283.83000000,64301.99000000,279.10110000
2026-07-29T08:30:00,64301.99000000,64523.68000000,64284.03000000,64417.31000000,163.78571000
2026-07-29T09:00:00,64417.31000000,64478.60000000,64386.94000000,64461.82000000,209.50757000
2026-07-29T09:30:00,64461.81000000,64744.81000000,64461.81000000,64698.00000000,480.42549000
2026-07-29T10:00:00,64698.01000000,64718.00000000,64609.02000000,64623.59000000,176.13845000
2026-07-29T10:30:00,64623.59000000,64680.57000000,64410.24000000,64469.83000000,161.32550000
2026-07-29T11:00:00,64469.84000000,64591.73000000,64440.00000000,64492.48000000,182.30079000
2026-07-29T11:30:00,64492.47000000,64507.54000000,64422.50000000,64507.54000000,135.47509000
2026-07-29T12:00:00,64507.53000000,64507.54000000,64276.73000000,64342.02000000,236.95246000
2026-07-29T12:30:00,64342.01000000,64386.40000000,64215.93000000,64276.81000000,238.56334000
2026-07-29T13:00:00,64276.82000000,64334.00000000,64139.68000000,64205.38000000,236.10347000
2026-07-29T13:30:00,64205.39000000,64667.18000000,64148.07000000,64664.70000000,559.46623000
2026-07-29T14:00:00,64664.69000000,64718.87000000,64121.00000000,64198.96000000,401.24810000
2026-07-29T14:30:00,64198.96000000,64313.99000000,64047.71000000,64108.01000000,335.25895000
2026-07-29T15:00:00,64108.01000000,64195.00000000,63961.96000000,64093.49000000,346.08718000
2026-07-29T15:30:00,64093.49000000,64178.39000000,63886.00000000,63964.01000000,381.61666000
2026-07-29T16:00:00,63964.01000000,64146.53000000,63900.00000000,64026.01000000,303.32190000
2026-07-29T16:30:00,64026.00000000,64078.00000000,63624.15000000,63808.33000000,454.70678000
2026-07-29T17:00:00,63808.33000000,63873.55000000,63709.19000000,63756.17000000,232.51124000
2026-07-29T17:30:00,63756.17000000,64286.71000000,63731.01000000,64269.83000000,253.62384000
2026-07-29T18:00:00,64269.83000000,64648.79000000,63992.00000000,64098.00000000,873.35656000
2026-07-29T18:30:00,64098.00000000,64637.03000000,63758.00000000,64501.52000000,1023.34978000
2026-07-29T19:00:00,64501.52000000,64600.00000000,63964.00000000,64033.77000000,747.83570000
2026-07-29T19:30:00,64033.77000000,64117.09000000,63511.00000000,63589.46000000,705.21521000
2026-07-29T20:00:00,63589.46000000,63718.89000000,63378.09000000,63530.52000000,511.34712000
2026-07-29T20:30:00,63530.52000000,63746.42000000,63472.76000000,63522.01000000,277.24527000
2026-07-29T21:00:00,63522.01000000,63575.60000000,63267.34000000,63575.59000000,407.54104000
2026-07-29T21:30:00,63575.58000000,63860.00000000,63535.24000000,63860.00000000,363.48339000
2026-07-29T22:00:00,63860.00000000,64131.44000000,63859.99000000,64045.86000000,529.79945000
2026-07-29T22:30:00,64045.86000000,64055.88000000,63910.52000000,63942.50000000,174.90942000
2026-07-29T23:00:00,63942.50000000,64067.12000000,63899.00000000,64005.07000000,156.13471000
2026-07-29T23:30:00,64005.08000000,64060.00000000,63929.09000000,63984.28000000,175.74794000
2026-07-30T00:00:00,63984.29000000,64125.61000000,63959.01000000,64006.01000000,366.40252000
2026-07-30T00:30:00,64006.00000000,64008.48000000,63603.92000000,63696.72000000,283.54517000
2026-07-30T01:00:00,63696.73000000,63883.23000000,63690.00000000,63834.00000000,269.39020000
2026-07-30T01:30:00,63834.00000000,64370.00000000,63833.99000000,64266.00000000,416.68265000
2026-07-30T02:00:00,64266.01000000,64411.76000000,64237.63000000,64354.01000000,316.58403000
2026-07-30T02:30:00,64354.01000000,64354.01000000,64159.63000000,64189.99000000,258.58937000
2026-07-30T03:00:00,64190.00000000,64300.91000000,64133.99000000,64267.98000000,264.46584000
2026-07-30T03:30:00,64267.99000000,64267.99000000,64140.50000000,64161.98000000,158.36056000
2026-07-30T04:00:00,64161.98000000,64180.00000000,64089.99000000,64090.00000000,483.83806000
2026-07-30T04:30:00,64089.99000000,64160.10000000,64008.50000000,64023.99000000,443.62067000
2026-07-30T05:00:00,64024.00000000,64037.99000000,63907.85000000,64013.06000000,541.07239000
2026-07-30T05:30:00,64013.06000000,64182.00000000,63993.20000000,64033.89000000,225.05094000
2026-07-30T06:00:00,64033.90000000,64078.00000000,63966.95000000,64078.00000000,221.70905000
2026-07-30T06:30:00,64078.00000000,64080.00000000,63957.20000000,64002.00000000,421.28961000
2026-07-30T07:00:00,64001.99000000,64144.06000000,63993.25000000,64062.01000000,216.53951000
2026-07-30T07:30:00,64062.01000000,64066.01000000,63943.29000000,64026.00000000,493.50891000
2026-07-30T08:00:00,64026.00000000,64343.46000000,63980.54000000,64268.00000000,533.08975000
2026-07-30T08:30:00,64268.00000000,64358.99000000,64234.00000000,64308.01000000,610.12451000
2026-07-30T09:00:00,64308.01000000,64525.99000000,64283.80000000,64496.01000000,1310.61936000
2026-07-30T09:30:00,64496.02000000,64641.37000000,64496.01000000,64567.56000000,1249.52887000
2026-07-30T10:00:00,64567.55000000,64631.71000000,64562.00000000,64624.01000000,231.58717000
2026-07-30T10:30:00,64624.01000000,64631.99000000,64569.95000000,64570.72000000,227.45745000
2026-07-30T11:00:00,64570.72000000,64666.00000000,64542.73000000,64576.01000000,262.24222000
2026-07-30T11:30:00,64576.01000000,64885.18000000,64547.69000000,64788.00000000,368.14642000
2026-07-30T12:00:00,64788.01000000,65043.94000000,64788.00000000,64885.37000000,541.54244000
2026-07-30T12:30:00,64885.37000000,64948.44000000,64837.56000000,64925.00000000,278.07961000
2026-07-30T13:00:00,64925.00000000,64958.23000000,64815.70000000,64830.00000000,217.00565000
2026-07-30T13:30:00,64829.99000000,65176.60000000,64689.02000000,65022.01000000,956.19171000
2026-07-30T14:00:00,65022.00000000,65042.00000000,64620.00000000,64780.01000000,722.26399000
2026-07-30T14:30:00,64780.01000000,64861.98000000,64636.37000000,64683.97000000,343.53323000
2026-07-30T15:00:00,64683.97000000,64888.00000000,64607.31000000,64686.21000000,393.57640000
2026-07-30T15:30:00,64686.21000000,64798.00000000,64640.31000000,64730.30000000,284.93895000
2026-07-30T16:00:00,64730.29000000,64963.64000000,64729.56000000,64885.39000000,365.14272000
2026-07-30T16:30:00,64885.40000000,64898.00000000,64770.00000000,64818.01000000,250.10312000
2026-07-30T17:00:00,64818.01000000,64962.83000000,64772.00000000,64944.96000000,262.60422000
2026-07-30T17:30:00,64944.96000000,64988.00000000,64819.16000000,64872.00000000,189.86348000
2026-07-30T18:00:00,64871.99000000,64899.80000000,64750.65000000,64799.03000000,136.30577000
2026-07-30T18:30:00,64799.02000000,64819.55000000,64688.00000000,64702.80000000,127.68243000
2026-07-30T19:00:00,64702.80000000,64904.00000000,64702.79000000,64888.50000000,174.85733000
2026-07-30T19:30:00,64888.50000000,64888.50000000,64782.00000000,64800.00000000,182.03103000
2026-07-30T20:00:00,64800.00000000,64936.00000000,64764.36000000,64794.05000000,211.14173000
2026-07-30T20:30:00,64794.06000000,64888.60000000,64752.12000000,64777.37000000,119.27919000
2026-07-30T21:00:00,64777.38000000,64802.48000000,64735.39000000,64748.59000000,95.21372000
2026-07-30T21:30:00,64748.59000000,64799.37000000,64700.34000000,64735.53000000,132.54673000
2026-07-30T22:00:00,64735.53000000,64996.90000000,64668.91000000,64994.40000000,276.73088000
2026-07-30T22:30:00,64995.43000000,65029.29000000,64838.70000000,64851.16000000,205.72660000
2026-07-30T23:00:00,64851.16000000,64945.87000000,64830.00000000,64933.99000000,106.24409000
2026-07-30T23:30:00,64934.00000000,65086.40000000,64740.00000000,64780.02000000,385.53461000
2026-07-31T00:00:00,64780.03000000,64901.55000000,64728.47000000,64775.01000000,322.96834000
2026-07-31T00:30:00,64775.01000000,64821.78000000,64690.29000000,64724.91000000,337.46256000
2026-07-31T01:00:00,64724.92000000,65409.56000000,64724.92000000,65184.08000000,796.76608000
2026-07-31T01:30:00,65184.09000000,65184.09000000,64480.44000000,64564.01000000,420.23668000
2026-07-31T02:00:00,64564.00000000,64614.00000000,64350.00000000,64353.78000000,385.00174000
2026-07-31T02:30:00,64353.78000000,64417.66000000,64203.58000000,64297.79000000,470.65602000
2026-07-31T03:00:00,64297.79000000,64422.00000000,64172.00000000,64382.33000000,350.00361000
2026-07-31T03:30:00,64382.34000000,64439.81000000,64298.00000000,64370.00000000,198.04202000
2026-07-31T04:00:00,64370.00000000,64438.00000000,64236.00000000,64335.79000000,241.30914000
2026-07-31T04:30:00,64335.80000000,64369.75000000,64288.00000000,64300.00000000,149.82517000
2026-07-31T05:00:00,64299.99000000,64421.68000000,64299.99000000,64330.01000000,224.81906000
2026-07-31T05:30:00,64330.01000000,64380.05000000,64268.47000000,64363.06000000,304.58387000
2026-07-31T06:00:00,64363.06000000,64458.89000000,64324.22000000,64458.89000000,169.75380000
2026-07-31T06:30:00,64458.88000000,64496.64000000,64196.08000000,64231.97000000,334.02186000
2026-07-31T07:00:00,64231.97000000,64245.57000000,64000.00000000,64000.00000000,1014.60431000
2026-07-31T07:30:00,64000.01000000,64034.06000000,63878.11000000,63950.01000000,2074.35220000
2026-07-31T08:00:00,63950.01000000,63987.36000000,63862.00000000,63962.00000000,384.67246000
2026-07-31T08:30:00,63961.99000000,63961.99000000,63784.67000000,63834.01000000,349.51472000
2026-07-31T09:00:00,63834.01000000,63847.13000000,63694.73000000,63694.74000000,284.30976000
2026-07-31T09:30:00,63694.74000000,63749.99000000,63638.18000000,63715.90000000,278.02050000
2026-07-31T10:00:00,63715.91000000,63827.58000000,63610.00000000,63824.88000000,224.75456000
2026-07-31T10:30:00,63824.88000000,63951.77000000,63824.87000000,63918.67000000,197.63602000
2026-07-31T11:00:00,63918.68000000,64011.99000000,63862.00000000,63902.00000000,163.48969000
2026-07-31T11:30:00,63902.01000000,63902.01000000,63792.01000000,63805.51000000,123.65635000
2026-07-31T12:00:00,63805.50000000,63830.62000000,63704.00000000,63746.63000000,224.36487000
2026-07-31T12:30:00,63746.63000000,63763.06000000,63627.66000000,63754.01000000,291.89341000
2026-07-31T13:00:00,63754.01000000,63849.19000000,63720.00000000,63825.52000000,414.16364000
2026-07-31T13:30:00,63825.52000000,63825.52000000,63241.71000000,63270.73000000,1097.37170000
2026-07-31T14:00:00,63270.72000000,63310.00000000,62466.00000000,62642.15000000,2588.28935000
2026-07-31T14:30:00,62642.23000000,62818.00000000,62592.32000000,62682.06000000,1040.11494000
2026-07-31T15:00:00,62682.05000000,62721.93000000,62490.24000000,62584.00000000,578.34840000
2026-07-31T15:30:00,62583.99000000,62769.36000000,62568.00000000,62716.57000000,387.60717000
2026-07-31T16:00:00,62716.57000000,62931.79000000,62709.01000000,62921.52000000,600.22895000
2026-07-31T16:30:00,62921.51000000,62921.52000000,62808.00000000,62870.88000000,257.01908000
2026-07-31T17:00:00,62870.87000000,63006.84000000,62800.00000000,62976.74000000,362.32900000
2026-07-31T17:30:00,62976.73000000,63301.68000000,62956.95000000,63245.44000000,494.40038000
2026-07-31T18:00:00,63245.44000000,63302.00000000,63056.00000000,63061.57000000,446.30670000
2026-07-31T18:30:00,63061.56000000,63176.46000000,62966.00000000,63097.57000000,307.14994000
2026-07-31T19:00:00,63097.57000000,63158.00000000,63017.99000000,63022.02000000,103.93369000
2026-07-31T19:30:00,63022.02000000,63052.00000000,62936.29000000,62972.00000000,200.95547000
2026-07-31T20:00:00,62972.00000000,63034.00000000,62944.84000000,63005.52000000,121.90170000
2026-07-31T20:30:00,63005.52000000,63013.99000000,62928.35000000,62953.70000000,196.51857000
2026-07-31T21:00:00,62953.70000000,63038.00000000,62846.00000000,63009.99000000,144.92577000
2026-07-31T21:30:00,63010.00000000,63062.47000000,62923.84000000,62947.78000000,189.83408000
2026-07-31T22:00:00,62947.77000000,63020.00000000,62870.01000000,62988.29000000,209.34004000
2026-07-31T22:30:00,62988.28000000,63006.14000000,62915.00000000,62950.00000000,231.65490000
2026-07-31T23:00:00,62950.01000000,63013.52000000,62950.00000000,62983.86000000,96.38762000
2026-07-31T23:30:00,62983.86000000,62996.73000000,62860.64000000,62887.88000000,90.10697000
2026-08-01T00:00:00,62887.88000000,62998.00000000,62887.87000000,62958.00000000,353.62617000
2026-08-01T00:30:00,62958.00000000,63024.04000000,62936.03000000,62938.01000000,163.64280000
2026-08-01T01:00:00,62938.01000000,62990.00000000,62923.47000000,62954.27000000,243.09212000
2026-08-01T01:30:00,62954.27000000,62983.20000000,62930.00000000,62975.01000000,143.62773000
2026-08-01T02:00:00,62975.00000000,63087.82000000,62975.00000000,63070.01000000,80.49001000
2026-08-01T02:30:00,63070.01000000,63106.55000000,63056.15000000,63075.07000000,268.18081000
2026-08-01T03:00:00,63075.08000000,63075.08000000,62970.65000000,63018.77000000,95.01796000
2026-08-01T03:30:00,63018.77000000,63030.95000000,62976.00000000,63004.48000000,293.93786000
2026-08-01T04:00:00,63004.47000000,63050.10000000,62993.20000000,63050.10000000,83.44879000
2026-08-01T04:30:00,63050.10000000,63115.37000000,63046.00000000,63115.01000000,140.48062000
2026-08-01T05:00:00,63115.00000000,63142.85000000,63059.21000000,63105.00000000,227.48765000
2026-08-01T05:30:00,63105.00000000,63105.01000000,63000.85000000,63020.00000000,230.78906000
2026-08-01T06:00:00,63020.00000000,63075.10000000,62992.82000000,63060.00000000,219.69341000
2026-08-01T06:30:00,63059.99000000,63086.65000000,63057.44000000,63080.64000000,215.18136000
2026-08-01T07:00:00,63080.65000000,63110.89000000,63069.74000000,63069.75000000,63.22802000
2026-08-01T07:30:00,63069.74000000,63069.75000000,63034.00000000,63050.46000000,87.46371000
2026-08-01T08:00:00,63050.45000000,63102.51000000,63050.45000000,63092.01000000,50.60712000
2026-08-01T08:30:00,63092.01000000,63150.00000000,63091.33000000,63126.25000000,55.42105000
2026-08-01T09:00:00,63126.25000000,63139.54000000,63100.00000000,63112.94000000,126.54766000
2026-08-01T09:30:00,63112.93000000,63112.94000000,63046.33000000,63053.17000000,101.90386000
2026-08-01T10:00:00,63053.17000000,63111.09000000,62986.31000000,63046.80000000,114.91415000
2026-08-01T10:30:00,63046.80000000,63076.00000000,63022.58000000,63056.00000000,206.12934000
2026-08-01T11:00:00,63055.99000000,63082.00000000,63037.72000000,63081.91000000,98.57511000
2026-08-01T11:30:00,63081.91000000,63091.97000000,63070.52000000,63076.00000000,80.51083000
2026-08-01T12:00:00,63076.00000000,63119.40000000,63076.00000000,63092.87000000,128.52172000
2026-08-01T12:30:00,63092.88000000,63106.96000000,63081.81000000,63103.68000000,191.66460000
2026-08-01T13:00:00,63103.68000000,63106.83000000,63083.62000000,63083.62000000,100.51637000
2026-08-01T13:30:00,63083.62000000,63094.00000000,63051.00000000,63069.32000000,86.95241000
2026-08-01T14:00:00,63069.31000000,63127.07000000,63069.31000000,63114.36000000,147.61228000
2026-08-01T14:30:00,63114.35000000,63126.53000000,63073.08000000,63126.52000000,238.18107000
2026-08-01T15:00:00,63126.53000000,63126.53000000,63059.99000000,63060.00000000,85.04693000
2026-08-01T15:30:00,63060.00000000,63061.99000000,63007.05000000,63007.06000000,79.37840000
2026-08-01T16:00:00,63007.06000000,63007.06000000,62926.76000000,62948.67000000,154.80775000
2026-08-01T16:30:00,62948.67000000,63027.65000000,62874.00000000,62932.32000000,173.06407000
2026-08-01T17:00:00,62932.32000000,62996.00000000,62800.00000000,62833.95000000,161.39322000
2026-08-01T17:30:00,62833.95000000,62844.78000000,62666.00000000,62708.07000000,197.78195000
2026-08-01T18:00:00,62708.06000000,62734.00000000,62510.00000000,62564.78000000,353.59248000
2026-08-01T18:30:00,62564.78000000,62586.00000000,62275.00000000,62580.56000000,577.83649000
2026-08-01T19:00:00,62580.55000000,62624.00000000,62491.11000000,62548.45000000,222.52718000
2026-08-01T19:30:00,62548.45000000,62589.99000000,62461.17000000,62529.82000000,89.99908000
2026-08-01T20:00:00,62529.81000000,62640.00000000,62482.99000000,62618.00000000,91.33916000
2026-08-01T20:30:00,62617.99000000,62674.98000000,62562.00000000,62662.13000000,92.13050000
2026-08-01T21:00:00,62662.14000000,62800.00000000,62662.13000000,62793.21000000,136.24063000
2026-08-01T21:30:00,62793.21000000,62864.00000000,62769.02000000,62812.75000000,93.14323000
2026-08-01T22:00:00,62812.76000000,62866.62000000,62794.17000000,62854.79000000,74.78415000
2026-08-01T22:30:00,62854.80000000,62854.80000000,62824.57000000,62831.28000000,54.76502000
2026-08-01T23:00:00,62831.29000000,62854.00000000,62769.97000000,62771.35000000,66.66700000
2026-08-01T23:30:00,62771.35000000,62862.80000000,62771.34000000,62823.64000000,221.14615000
2026-08-02T00:00:00,62823.65000000,62979.99000000,62823.64000000,62883.70000000,182.29657000
2026-08-02T00:30:00,62883.69000000,62914.71000000,62806.58000000,62833.99000000,214.97767000
2026-08-02T01:00:00,62834.00000000,63088.00000000,62834.00000000,62984.00000000,153.85375000
2026-08-02T01:30:00,62984.00000000,63020.87000000,62975.30000000,62981.87000000,61.92319000
2026-08-02T02:00:00,62981.87000000,63547.70000000,62958.54000000,63405.47000000,739.29739000
2026-08-02T02:30:00,63405.47000000,63484.00000000,63333.99000000,63451.58000000,329.12167000
2026-08-02T03:00:00,63451.58000000,63550.00000000,63380.00000000,63436.88000000,253.04897000
2026-08-02T03:30:00,63436.88000000,63515.56000000,63435.38000000,63461.95000000,135.50565000
2026-08-02T04:00:00,63461.95000000,63558.34000000,63461.95000000,63546.00000000,126.85746000
2026-08-02T04:30:00,63546.01000000,63612.00000000,63523.34000000,63590.00000000,175.51371000
2026-08-02T05:00:00,63590.00000000,63634.00000000,63456.96000000,63494.83000000,135.17973000
2026-08-02T05:30:00,63494.83000000,63494.83000000,63415.26000000,63453.27000000,126.13589000
2026-08-02T06:00:00,63453.27000000,63498.00000000,63435.99000000,63497.99000000,72.90701000
2026-08-02T06:30:00,63497.99000000,63498.15000000,63465.04000000,63482.49000000,87.49184000
2026-08-02T07:00:00,63482.49000000,63493.97000000,63480.00000000,63493.83000000,143.07913000
2026-08-02T07:30:00,63493.83000000,63544.51000000,63483.76000000,63506.24000000,269.03345000
2026-08-02T08:00:00,63506.23000000,63530.00000000,63386.72000000,63390.95000000,350.85789000
2026-08-02T08:30:00,63390.96000000,63390.96000000,63172.00000000,63193.99000000,191.93997000
2026-08-02T09:00:00,63194.00000000,63308.79000000,63094.00000000,63236.00000000,165.57445000
2026-08-02T09:30:00,63236.00000000,63320.00000000,63234.00000000,63273.94000000,111.53696000
2026-08-02T10:00:00,63273.94000000,63273.94000000,63125.06000000,63140.00000000,142.32361000
2026-08-02T10:30:00,63140.00000000,63213.99000000,63140.00000000,63205.03000000,57.95149000
2026-08-02T11:00:00,63205.03000000,63206.00000000,63122.00000000,63160.01000000,166.55005000
2026-08-02T11:30:00,63160.00000000,63184.00000000,62982.38000000,63031.99000000,206.51144000
2026-08-02T12:00:00,63031.99000000,63231.67000000,63031.99000000,63186.00000000,112.26638000
2026-08-02T12:30:00,63186.01000000,63212.00000000,63107.70000000,63125.49000000,135.73225000
2026-08-02T13:00:00,63125.49000000,63146.89000000,63058.00000000,63081.91000000,158.95807000
2026-08-02T13:30:00,63081.91000000,63135.11000000,63010.00000000,63126.92000000,103.17018000
2026-08-02T14:00:00,63126.92000000,63155.00000000,63062.00000000,63128.98000000,121.57384000
2026-08-02T14:30:00,63128.97000000,63186.00000000,63066.31000000,63069.37000000,192.65528000
2026-08-02T15:00:00,63069.37000000,63136.99000000,63050.00000000,63126.00000000,120.36306000
2026-08-02T15:30:00,63125.99000000,63186.00000000,63109.13000000,63109.14000000,70.69026000
2026-08-02T16:00:00,63109.13000000,63135.96000000,63064.01000000,63110.00000000,99.34192000
2026-08-02T16:30:00,63110.00000000,63273.49000000,63103.76000000,63180.36000000,168.62169000
2026-08-02T17:00:00,63180.36000000,63342.00000000,63152.00000000,63282.53000000,140.13452000
2026-08-02T17:30:00,63282.53000000,63332.71000000,63282.53000000,63300.28000000,178.25725000
2026-08-02T18:00:00,63300.00000000,63328.90000000,63290.00000000,63290.00000000,128.23037000
2026-08-02T18:30:00,63290.00000000,63610.01000000,63290.00000000,63382.01000000,390.58508000
2026-08-02T19:00:00,63382.01000000,63389.64000000,63333.33000000,63333.34000000,121.13069000
2026-08-02T19:30:00,63333.34000000,63479.85000000,63323.89000000,63456.01000000,126.22770000
2026-08-02T20:00:00,63456.00000000,63496.00000000,63404.69000000,63409.27000000,64.51518000
2026-08-02T20:30:00,63409.27000000,63501.48000000,63409.26000000,63494.52000000,75.99744000
2026-08-02T21:00:00,63494.51000000,63571.98000000,63479.45000000,63542.85000000,146.75011000
2026-08-02T21:30:00,63542.85000000,63785.00000000,63508.60000000,63578.00000000,310.52745000
2026-08-02T22:00:00,63578.01000000,63796.33000000,63572.23000000,63591.99000000,259.32919000
2026-08-02T22:30:00,63592.00000000,63600.39000000,63376.71000000,63424.58000000,224.81171000
2026-08-02T23:00:00,63424.58000000,63546.88000000,63344.00000000,63542.65000000,219.80595000
2026-08-02T23:30:00,63542.65000000,63596.00000000,63486.01000000,63570.00000000,117.86703000
2026-08-03T00:00:00,63570.01000000,63596.00000000,63250.04000000,63262.84000000,213.89579000
2026-08-03T00:30:00,63262.84000000,63425.97000000,63208.30000000,63317.60000000,143.42763000
2026-08-03T01:00:00,63317.61000000,63350.00000000,63111.10000000,63175.99000000,209.23905000
2026-08-03T01:30:00,63175.99000000,63248.00000000,63160.66000000,63212.16000000,163.07413000
2026-08-03T02:00:00,63212.16000000,63286.00000000,63100.00000000,63128.00000000,168.35415000
2026-08-03T02:30:00,63128.01000000,63216.79000000,63108.33000000,63141.40000000,165.83544000
2026-08-03T03:00:00,63141.39000000,63168.44000000,63062.98000000,63080.01000000,169.94152000
2026-08-03T03:30:00,63080.01000000,63089.98000000,62786.04000000,62870.49000000,346.52271000
2026-08-03T04:00:00,62870.48000000,62978.11000000,62816.34000000,62972.67000000,167.76427000
2026-08-03T04:30:00,62972.67000000,63001.77000000,62770.37000000,62790.00000000,152.65336000
2026-08-03T05:00:00,62790.00000000,62875.02000000,62751.30000000,62816.00000000,384.96828000
2026-08-03T05:30:00,62816.01000000,62862.92000000,62774.88000000,62827.17000000,161.72378000
2026-08-03T06:00:00,62827.17000000,62872.58000000,62759.82000000,62793.17000000,146.68264000
2026-08-03T06:30:00,62793.17000000,62841.01000000,62613.00000000,62623.60000000,249.63577000
2026-08-03T07:00:00,62623.60000000,62676.85000000,62552.04000000,62639.96000000,867.58659000
2026-08-03T07:30:00,62639.95000000,62700.00000000,62580.47000000,62621.10000000,397.14168000
2026-08-03T08:00:00,62621.10000000,62647.69000000,62326.00000000,62340.01000000,337.86526000
2026-08-03T08:30:00,62340.00000000,62541.50000000,62300.00000000,62541.50000000,319.46596000
2026-08-03T09:00:00,62541.50000000,62667.04000000,62520.00000000,62653.36000000,301.91942000
2026-08-03T09:30:00,62653.36000000,62863.10000000,62628.00000000,62837.40000000,283.49133000
2026-08-03T10:00:00,62837.40000000,62860.00000000,62742.01000000,62742.02000000,260.61273000
2026-08-03T10:30:00,62742.02000000,62782.00000000,62615.11000000,62742.01000000,183.19662000
2026-08-03T11:00:00,62742.01000000,62773.99000000,62585.16000000,62704.09000000,127.81232000
2026-08-03T11:30:00,62704.09000000,62778.92000000,62669.86000000,62682.01000000,61.40140000
